aluminium,ammonia,arsenic,barium,chloramine,chromium,copper,flouride,bacteria,viruses,mercury,radium,silver,uranium,outcome
0,0.02,0.01,0.01,0,0,0,0,0,0,0,0,0,0,0
0,0.03,0.01,0.02,0,0,0,0,0,0,0,0,0,0,0
0,0.07,0.01,0.02,0.01,0.01,0.01,0,0,0,0,0.01,0,0,0
0.01,0.09,0.01,0.03,0.01,0.01,0.01,0.01,0,0,0,0.02,0,0,0
0.01,0.09,0.01,0.04,0.05,0.01,0.01,0.01,0,0,0,0.02,0,0,0
0.01,0.12,0.01,0.04,0.05,0.01,0.01,0.01,0,0,0,0.05,0.01,0,0
0.02,0.13,0.01,0.04,0.06,0.01,0.01,0.01,0,0,0,0.05,0.01,0,0
0.03,0.13,0.01,0.04,0.07,0.01,0.01,0.01,0,0,0,0.05,0.01,0,0
0.04,0.14,0.01,0.06,0.08,0.01,0.01,0.02,0,0,0,0.06,0.01,0,0
0.05,0.22,0.01,0.06,0.09,0.01,0.02,0.02,0,0,0,0.06,0.01,0,0
0.05,0.25,0.01,0.06,0.1,0.01,0.02,0.02,0,0,0,0.06,0.01,0,0
0.05,0.26,0.01,0.07,0.1,0.01,0.02,0.02,0,0,0,0.06,0.01,0,0
0.06,0.27,0.01,0.07,0.1,0.02,0.02,0.02,0,0,0,0.08,0.01,0,0
0.06,0.27,0.01,0.09,0.11,0.02,0.02,0.03,0,0,0,0.09,0.01,0,0
0.07,0.28,0.01,0.1,0.12,0.02,0.03,0.03,0,0,0,0.1,0.01,0,0
0.09,0.29,0.01,0.11,0.13,0.02,0.03,0.03,0,0,0,0.1,0.01,0,0
0.09,0.35,0.01,0.12,0.14,0.02,0.03,0.03,0,0,0,0.14,0.01,0,0
0.09,0.37,0.01,0.12,0.17,0.02,0.03,0.03,0,0,0,0.15,0.01,0,0
0.11,0.38,0.01,0.12,0.17,0.02,0.04,0.03,0,0,0,0.15,0.01,0,0
0.11,0.4,0.01,0.13,0.19,0.02,0.04,0.03,0,0,0,0.16,0.01,0,0
0.11,0.43,0.01,0.14,0.19,0.02,0.04,0.03,0,0,0,0.16,0.01,0,0
0.12,0.44,0.01,0.15,0.2,0.02,0.04,0.03,0,0,0,0.18,0.01,0,0
0.13,0.47,0.01,0.15,0.21,0.02,0.04,0.03,0,0,0,0.18,0.02,0,0
0.14,0.47,0.01,0.16,0.21,0.03,0.04,0.04,0,0,0,0.19,0.02,0,0
0.14,0.51,0.01,0.16,0.22,0.03,0.04,0.04,0,0,0,0.2,0.02,0,0
0.15,0.53,0.01,0.17,0.23,0.03,0.05,0.04,0,0,0,0.2,0.02,0,0
0.15,0.53,0.01,0.17,0.24,0.03,0.05,0.04,0,0,0,0.22,0.02,0,0
0.15,0.59,0.01,0.17,0.25,0.03,0.05,0.04,0,0,0,0.23,0.02,0,0
0.16,0.65,0.01,0.17,0.26,0.03,0.05,0.04,0,0,0,0.24,0.02,0,0
0.16,0.68,0.01,0.17,0.26,0.03,0.05,0.04,0,0,0,0.25,0.02,0,0
0.17,0.69,0.01,0.18,0.26,0.03,0.05,0.04,0,0,0,0.25,0.02,0,0
0.17,0.69,0.01,0.18,0.29,0.03,0.06,0.04,0,0,0,0.25,0.02,0,0
0.18,0.71,0.01,0.18,0.3,0.03,0.06,0.04,0,0,0,0.27,0.02,0,0
0.18,0.75,0.01,0.19,0.32,0.03,0.06,0.05,0,0,0,0.28,0.02,0,0
0.18,0.8,0.01,0.19,0.32,0.03,0.06,0.05,0,0,0,0.3,0.02,0,0
0.18,0.85,0.01,0.2,0.34,0.03,0.06,0.05,0,0,0,0.32,0.02,0,0
0.18,0.9,0.01,0.2,0.35,0.03,0.06,0.05,0,0,0,0.34,0.03,0,0
0.18,0.9,0.01,0.2,0.37,0.03,0.07,0.05,0,0,0,0.35,0.03,0,0
0.19,0.93,0.01,0.22,0.38,0.04,0.07,0.05,0,0,0,0.37,0.03,0,0
0.19,0.97,0.01,0.22,0.39,0.04,0.07,0.05,0,0,0,0.38,0.03,0,0
0.19,0.98,0.01,0.22,0.39,0.04,0.07,0.05,0,0,0,0.4,0.03,0,0
0.19,1.13,0.01,0.22,0.4,0.04,0.07,0.05,0,0,0,0.4,0.03,0,0
0.19,1.23,0.01,0.23,0.4,0.04,0.08,0.06,0,0,0,0.41,0.03,0,0
0.21,1.31,0.01,0.23,0.4,0.04,0.08,0.06,0,0,0,0.41,0.03,0,0
0.22,1.34,0.01,0.23,0.4,0.04,0.08,0.06,0,0,0,0.43,0.03,0,0
0.22,1.34,0.01,0.23,0.41,0.04,0.08,0.06,0,0,0,0.45,0.03,0,0
0.22,1.36,0.01,0.24,0.41,0.04,0.08,0.06,0,0,0.01,0.45,0.03,0,0
0.22,1.36,0.01,0.25,0.45,0.04,0.09,0.07,0,0,0.01,0.46,0.03,0,0
0.23,1.38,0.01,0.25,0.46,0.04,0.09,0.07,0,0,0.01,0.49,0.03,0,0
0.23,1.44,0.01,0.25,0.46,0.04,0.1,0.07,0,0,0.01,0.49,0.03,0,0
0.23,1.5,0.01,0.25,0.46,0.04,0.1,0.07,0,0,0.01,0.5,0.03,0,0
0.23,1.53,0.01,0.26,0.48,0.04,0.1,0.07,0,0,0.01,0.51,0.03,0,0
0.24,1.54,0.01,0.27,0.48,0.04,0.1,0.07,0,0,0.01,0.51,0.03,0,0
0.24,1.57,0.01,0.27,0.49,0.04,0.1,0.07,0,0,0.01,0.51,0.03,0,0
0.24,1.66,0.01,0.28,0.5,0.04,0.1,0.08,0,0,0.01,0.53,0.03,0,0
0.25,1.72,0.01,0.28,0.5,0.04,0.1,0.08,0,0,0.01,0.53,0.03,0,0
0.26,1.74,0.01,0.29,0.5,0.05,0.1,0.08,0,0,0.01,0.53,0.03,0,0
0.27,1.77,0.01,0.29,0.51,0.05,0.11,0.08,0,0,0.01,0.53,0.03,0,0
0.27,1.84,0.01,0.29,0.51,0.05,0.11,0.08,0,0,0.01,0.54,0.03,0,0
0.27,1.86,0.01,0.3,0.53,0.05,0.11,0.08,0,0,0.01,0.54,0.03,0,0
0.28,1.88,0.01,0.31,0.54,0.05,0.11,0.09,0,0,0.01,0.55,0.03,0,0
0.28,1.91,0.01,0.31,0.57,0.05,0.12,0.09,0,0,0.01,0.56,0.03,0,0
0.29,1.94,0.01,0.31,0.57,0.05,0.12,0.09,0,0,0.01,0.59,0.03,0,0
0.29,2.1,0.01,0.32,0.59,0.05,0.13,0.09,0,0,0.01,0.6,0.04,0,0
0.29,2.15,0.01,0.33,0.6,0.05,0.13,0.09,0,0,0.01,0.6,0.04,0,0
0.3,2.2,0.01,0.33,0.63,0.05,0.13,0.09,0,0,0.01,0.62,0.04,0,0
0.31,2.21,0.01,0.34,0.63,0.06,0.13,0.1,0,0,0.01,0.63,0.04,0,0
0.31,2.22,0.01,0.34,0.63,0.06,0.13,0.1,0,0,0.01,0.63,0.04,0,0
0.31,2.31,0.01,0.35,0.64,0.06,0.13,0.1,0,0,0.01,0.63,0.04,0,0
0.32,2.33,0.01,0.35,0.64,0.06,0.13,0.1,0,0,0.01,0.64,0.04,0,0
0.32,2.34,0.01,0.35,0.65,0.06,0.13,0.11,0,0,0.01,0.66,0.04,0,0
0.33,2.34,0.01,0.36,0.65,0.06,0.14,0.11,0,0,0.01,0.67,0.04,0,0
0.33,2.36,0.01,0.36,0.66,0.06,0.14,0.11,0,0,0.01,0.67,0.04,0,0
0.34,2.4,0.01,0.37,0.67,0.06,0.14,0.11,0,0,0.01,0.68,0.04,0,0
0.34,2.41,0.01,0.37,0.68,0.06,0.14,0.11,0,0,0.01,0.7,0.04,0.01,0
0.35,2.48,0.01,0.38,0.68,0.06,0.15,0.11,0,0,0.01,0.72,0.04,0.01,0
0.35,2.5,0.01,0.38,0.7,0.06,0.15,0.11,0,0,0.01,0.73,0.04,0.01,0
0.35,2.57,0.01,0.38,0.7,0.07,0.15,0.12,0,0,0.01,0.74,0.04,0.01,0
0.36,2.58,0.01,0.38,0.71,0.07,0.15,0.12,0,0,0.01,0.74,0.04,0.01,0
0.36,2.59,0.01,0.39,0.71,0.07,0.15,0.12,0,0,0.01,0.75,0.04,0.01,0
0.36,2.6,0.01,0.39,0.71,0.07,0.15,0.12,0,0,0.01,0.77,0.04,0.01,0
0.36,2.61,0.01,0.39,0.71,0.07,0.16,0.12,0,0,0.01,0.77,0.04,0.01,0
0.37,2.63,0.01,0.41,0.73,0.07,0.16,0.13,0,0,0.01,0.78,0.04,0.01,0
0.38,2.65,0.01,0.42,0.73,0.07,0.16,0.13,0,0,0.01,0.79,0.04,0.01,0
0.39,2.66,0.01,0.42,0.75,0.07,0.16,0.13,0,0,0.01,0.8,0.04,0.01,0
0.39,2.8,0.01,0.42,0.76,0.07,0.16,0.13,0,0,0.01,0.8,0.04,0.01,0
0.39,2.81,0.01,0.43,0.78,0.07,0.16,0.13,0,0,0.01,0.82,0.04,0.01,0
0.4,2.83,0.01,0.45,0.79,0.07,0.17,0.13,0,0,0.01,0.82,0.05,0.01,0
0.41,2.84,0.01,0.45,0.8,0.07,0.17,0.13,0,0,0.01,0.83,0.05,0.01,0
0.41,2.97,0.01,0.46,0.8,0.08,0.17,0.13,0,0,0.01,0.84,0.05,0.01,0
0.42,2.98,0.01,0.46,0.8,0.08,0.17,0.13,0,0,0.01,0.85,0.05,0.01,0
0.42,3.11,0.01,0.46,0.8,0.08,0.17,0.14,0,0,0.01,0.86,0.05,0.01,0
0.42,3.14,0.01,0.47,0.81,0.08,0.18,0.14,0,0,0.01,0.86,0.05,0.01,0
0.42,3.15,0.01,0.47,0.81,0.08,0.18,0.14,0,0,0.01,0.87,0.05,0.01,0
0.43,3.2,0.01,0.47,0.81,0.08,0.18,0.14,0,0,0.01,0.88,0.05,0.01,0
0.43,3.22,0.01,0.48,0.83,0.08,0.18,0.14,0,0,0.01,0.88,0.05,0.01,0
0.43,3.33,0.01,0.48,0.83,0.08,0.18,0.14,0,0,0.01,0.89,0.05,0.01,0
0.43,3.34,0.01,0.48,0.83,0.08,0.19,0.14,0,0,0.01,0.9,0.05,0.01,0
0.43,3.42,0.01,0.48,0.85,0.08,0.19,0.14,0,0,0.01,0.9,0.05,0.01,0
0.43,3.43,0.01,0.49,0.88,0.08,0.19,0.14,0,0,0.01,0.91,0.05,0.01,0
0.44,3.44,0.01,0.49,0.88,0.08,0.2,0.15,0,0,0.01,0.91,0.05,0.01,0
0.45,3.44,0.01,0.51,0.88,0.09,0.2,0.15,0,0,0.01,0.92,0.05,0.01,0
0.45,3.44,0.01,0.51,0.89,0.09,0.2,0.15,0,0,0.01,0.93,0.05,0.01,0
0.45,3.51,0.01,0.52,0.89,0.09,0.2,0.15,0,0,0.01,0.94,0.05,0.01,0
0.46,3.53,0.01,0.52,0.9,0.09,0.2,0.15,0,0,0.01,0.94,0.05,0.01,0
0.47,3.54,0.01,0.52,0.92,0.09,0.21,0.15,0,0,0.01,0.95,0.05,0.01,0
0.47,3.56,0.01,0.53,0.93,0.09,0.21,0.15,0,0,0.01,0.96,0.05,0.01,0
0.47,3.58,0.01,0.53,0.94,0.09,0.22,0.16,0,0,0.01,0.97,0.05,0.01,0
0.48,3.6,0.01,0.54,0.95,0.09,0.22,0.16,0,0,0.01,0.97,0.05,0.01,0
0.48,3.7,0.01,0.54,0.96,0.09,0.22,0.16,0,0,0.01,0.98,0.05,0.01,0
0.49,3.73,0.01,0.55,0.97,0.09,0.22,0.16,0,0,0.01,0.98,0.05,0.01,0
0.49,3.76,0.01,0.55,0.98,0.09,0.23,0.16,0,0,0.01,0.99,0.05,0.01,0
0.5,3.82,0.01,0.55,1.1,0.1,0.23,0.17,0,0,1,0.99,0.06,0.01,0
0.5,3.82,0.01,0.55,1.1,0.1,0.23,0.17,0,0,1,1,0.06,0.01,0
0.5,3.82,0.01,0.56,1.11,0.1,0.24,0.18,0,0,1,1,0.06,0.01,0
0.52,3.9,0.01,0.56,1.11,0.1,0.24,0.18,0,0,1,1,0.06,0.01,0
0.53,3.91,0.01,0.56,1.12,0.1,0.24,0.19,0,0,1,1.1,0.06,0.01,0
0.53,3.92,0.01,0.57,1.12,0.1,0.24,0.19,0,0,1,1.11,0.06,0.01,0
0.54,3.98,0.01,0.57,1.13,0.1,0.24,0.19,0,0,1,1.11,0.06,0.01,0
0.54,4,0.01,0.57,1.13,0.1,0.25,0.19,0,0,1,1.12,0.06,0.01,0
0.54,4.15,0.01,0.57,1.13,0.1,0.25,0.2,0,0,1,1.14,0.06,0.01,0
0.55,4.22,0.01,0.57,1.16,0.1,0.25,0.2,0,0,1,1.15,0.06,0.01,0
0.56,4.24,0.01,0.57,1.18,0.1,0.25,0.2,0,0,1,1.15,0.06,0.01,0
0.56,4.3,0.01,0.57,1.19,0.1,0.26,0.2,0,0,1,1.16,0.06,0.01,0
0.57,4.36,0.01,0.57,1.19,0.11,0.26,0.21,0,0,1,1.16,0.06,0.01,0
0.57,4.48,0.01,0.57,1.21,0.11,0.26,0.21,0,0,1,1.18,0.06,0.01,0
0.58,4.48,0.01,0.58,1.22,0.11,0.26,0.21,0,0,1,1.2,0.06,0.01,0
0.58,4.57,0.01,0.58,1.23,0.11,0.27,0.21,0,0,1,1.2,0.06,0.01,0
0.59,4.61,0.01,0.58,1.26,0.11,0.27,0.21,0,0,1,1.2,0.06,0.01,0
0.6,4.63,0.01,0.59,1.26,0.11,0.27,0.21,0,0,1,1.2,0.06,0.01,0
0.6,4.69,0.01,0.59,1.27,0.11,0.27,0.21,0,0,1,1.22,0.06,0.01,0
0.6,4.74,0.01,0.59,1.28,0.11,0.27,0.22,0,0,1,1.23,0.06,0.01,0
0.6,4.78,0.01,0.59,1.28,0.11,0.27,0.22,0,0,1,1.25,0.06,0.01,0
0.6,4.82,0.01,0.6,1.3,0.11,0.28,0.22,0,0,1,1.27,0.06,0.01,0
0.61,4.86,0.01,0.6,1.33,0.11,0.28,0.22,0,0,1,1.27,0.06,0.01,0
0.61,4.89,0.01,0.61,1.33,0.12,0.28,0.22,0,0,1,1.27,0.07,0.01,0
0.61,4.93,0.01,0.62,1.33,0.12,0.28,0.22,0,0,1,1.29,0.07,0.01,0
0.62,4.96,0.01,0.62,1.35,0.12,0.28,0.23,0,0,1,1.29,0.07,0.01,0
0.63,4.97,0.01,0.63,1.36,0.12,0.28,0.23,0,0,1,1.3,0.07,0.01,0
0.65,5.1,0.01,0.63,1.36,0.12,0.29,0.23,0,0,1,1.3,0.07,0.01,0
0.67,5.11,0.01,0.63,1.36,0.12,0.29,0.23,0,0,1,1.31,0.07,0.01,0
0.68,5.14,0.01,0.63,1.36,0.12,0.29,0.24,0,0,1,1.32,0.07,0.01,0
0.68,5.19,0.01,0.63,1.37,0.12,0.29,0.24,0,0,1,1.34,0.07,0.01,0
0.69,5.24,0.01,0.64,1.37,0.12,0.29,0.24,0,0,1,1.34,0.07,0.01,0
0.7,5.36,0.01,0.64,1.39,0.13,0.29,0.24,0,0,1,1.34,0.07,0.01,0
0.71,5.38,0.01,0.65,1.39,0.13,0.29,0.24,0,0,1,1.35,0.07,0.01,0
0.71,5.39,0.01,0.65,1.39,0.13,0.29,0.25,0,0,1,1.36,0.07,0.01,0
0.71,5.43,0.01,0.65,1.4,0.13,0.3,0.25,0,0,1,1.38,0.07,0.01,0
0.72,5.43,0.01,0.66,1.41,0.13,0.3,0.25,0,0,1,1.38,0.07,0.01,0
0.72,5.44,0.01,0.66,1.41,0.13,0.3,0.25,0,0,1,1.39,0.07,0.01,0
0.72,5.45,0.01,0.67,1.41,0.13,0.3,0.25,0,0,1,1.4,0.07,0.01,0
0.73,5.48,0.01,0.68,1.42,0.13,0.31,0.26,0,0,1,1.42,0.07,0.01,0
0.73,5.52,0.01,0.68,1.43,0.13,0.31,0.26,0,0,1,1.44,0.07,0.01,0
0.74,5.52,0.01,0.69,1.44,0.13,0.31,0.26,0,0,1,1.45,0.07,0.01,0
0.75,5.54,0.01,0.69,1.45,0.13,0.31,0.26,0,0,1,1.45,0.07,0.01,0
0.75,5.6,0.01,0.7,1.45,0.13,0.31,0.26,0,0,1,1.45,0.07,0.01,0
0.75,5.64,0.01,0.7,1.46,0.13,0.32,0.26,0,0,1,1.46,0.07,0.01,0
0.76,5.65,0.01,0.7,1.48,0.14,0.33,0.26,0,0,1,1.5,0.07,0.01,0
0.76,5.66,0.01,0.7,1.49,0.14,0.33,0.26,0,0,1,1.5,0.08,0.01,0
0.76,5.71,0.01,0.71,1.49,0.14,0.33,0.27,0,0,1,1.5,0.08,0.01,0
0.76,5.76,0.01,0.71,1.51,0.14,0.33,0.27,0,0,1,1.51,0.08,0.01,0
0.77,5.77,0.01,0.71,1.51,0.14,0.34,0.27,0,0,1,1.51,0.08,0.01,0
0.77,5.79,0.01,0.72,1.53,0.14,0.34,0.27,0,0,1,1.53,0.08,0.01,0
0.77,5.8,0.01,0.72,1.53,0.14,0.34,0.27,0,0,1,1.54,0.08,0.01,0
0.78,5.9,0.01,0.72,1.54,0.14,0.34,0.27,0,0,1,1.54,0.08,0.01,0
0.78,6.1,0.01,0.72,1.55,0.14,0.35,0.27,0,0,1,1.55,0.08,0.01,0
0.78,6.12,0.01,0.72,1.56,0.15,0.36,0.28,0,0,1,1.55,0.08,0.01,0
0.78,6.22,0.01,0.73,1.57,0.15,0.36,0.28,0,0,1,1.55,0.08,0.01,0
0.79,6.22,0.01,0.73,1.57,0.15,0.36,0.28,0,0,1,1.56,0.08,0.01,0
0.79,6.23,0.01,0.73,1.57,0.15,0.36,0.28,0,0,1,1.57,0.08,0.01,0
0.79,6.26,0.01,0.73,1.58,0.15,0.36,0.28,0,0,1,1.6,0.08,0.01,0
0.8,6.31,0.01,0.73,1.58,0.15,0.36,0.28,0,0,1,1.62,0.08,0.01,0
0.8,6.4,0.01,0.74,1.58,0.15,0.36,0.28,0,0,1,1.63,0.08,0.01,0
0.8,6.44,0.01,0.74,1.6,0.15,0.36,0.28,0,0,1,1.63,0.08,0.01,0
0.81,6.45,0.01,0.74,1.62,0.15,0.36,0.29,0,0,1,1.64,0.08,0.01,0
0.81,6.47,0.01,0.74,1.63,0.15,0.36,0.29,0,0,1,1.65,0.08,0.01,0
0.81,6.52,0.01,0.75,1.64,0.15,0.37,0.29,0,0,1,1.66,0.09,0.02,0
0.82,6.52,0.01,0.75,1.65,0.15,0.37,0.29,0,0,1,1.67,0.09,0.02,0
0.83,6.54,0.01,0.75,1.66,0.15,0.37,0.29,0,0,1,1.67,0.09,0.02,0
0.83,6.54,0.01,0.75,1.67,0.15,0.37,0.29,0,0,1,1.68,0.09,0.02,0
0.84,6.54,0.01,0.76,1.67,0.15,0.38,0.29,0,0,1,1.68,0.09,0.02,0
0.84,6.58,0.01,0.76,1.68,0.16,0.38,0.3,0,0,1,1.69,0.09,0.02,0
0.85,6.59,0.01,0.76,1.69,0.16,0.38,0.3,0,0,1,1.7,0.09,0.02,0
0.85,6.7,0.01,0.77,1.7,0.16,0.38,0.3,0,0,1,1.7,0.09,0.02,0
0.86,6.7,0.01,0.77,1.73,0.16,0.38,0.3,0,0,1,1.7,0.09,0.02,0
0.86,6.71,0.01,0.77,1.74,0.16,0.39,0.31,0,0,1,1.71,0.09,0.02,0
0.87,6.81,0.01,0.77,1.75,0.16,0.39,0.31,0,0,1,1.71,0.09,0.02,0
0.87,6.92,0.01,0.78,1.77,0.16,0.39,0.31,0,0,1,1.72,0.09,0.02,0
0.88,6.99,0.01,0.78,1.77,0.16,0.39,0.31,0,0,1,1.72,0.09,0.02,0
0.89,7.11,0.01,0.78,1.77,0.16,0.39,0.31,0,0,1,1.73,0.09,0.02,0
0.9,7.18,0.01,0.78,1.78,0.16,0.4,0.32,0,0,1,1.73,0.09,0.02,0
0.9,7.2,0.01,0.79,1.78,0.16,0.4,0.32,0,0,1,1.74,0.09,0.02,0
0.91,7.2,0.01,0.79,1.78,0.17,0.4,0.32,0,0,1,1.74,0.09,0.02,0
0.92,7.23,0.01,0.79,1.79,0.17,0.4,0.32,0,0,1,1.75,0.1,0.02,0
0.92,7.23,0.01,0.79,1.8,0.17,0.4,0.32,0,0,1,1.75,0.1,0.02,0
0.92,7.26,0.01,0.8,1.8,0.17,0.4,0.32,0,0,1,1.75,0.1,0.02,0
0.92,7.28,0.01,0.8,1.81,0.17,0.4,0.32,0,0,1,1.76,0.1,0.02,0
0.92,7.34,0.01,0.81,1.81,0.17,0.4,0.33,0,0,1,1.77,0.1,0.02,0
0.93,7.46,0.01,0.82,1.82,0.17,0.4,0.33,0,0,1,1.78,0.1,0.02,0
0.93,7.47,0.01,0.82,1.82,0.17,0.4,0.33,0,0,1,1.79,0.1,0.02,0
0.93,7.47,0.01,0.83,1.83,0.17,0.41,0.33,0,0,1,1.8,0.1,0.02,0
0.93,7.48,0.01,0.83,1.84,0.17,0.41,0.33,0,0,1,1.8,0.1,0.02,0
0.93,7.48,0.01,0.83,1.84,0.17,0.41,0.33,0,0,1,1.82,0.1,0.02,0
0.93,7.55,0.02,0.84,1.85,0.18,0.42,0.33,0,0,1,1.83,0.1,0.02,0
0.94,7.61,0.02,0.84,1.86,0.18,0.42,0.33,0,0,1,1.84,0.1,0.02,0
0.94,7.61,0.02,0.85,1.87,0.18,0.42,0.33,0,0,1,1.84,0.1,0.02,0
0.94,7.63,0.02,0.85,1.87,0.18,0.42,0.33,0,0,1,1.86,0.1,0.02,0
0.94,7.69,0.02,0.86,1.87,0.18,0.42,0.33,0,0,1,1.86,0.1,0.02,0
0.95,7.7,0.02,0.86,1.87,0.18,0.43,0.33,0,0,1,1.89,0.1,0.02,0
0.95,7.74,0.02,0.86,1.87,0.18,0.43,0.34,0,0,1,1.9,0.1,0.02,0
0.95,7.74,0.02,0.87,1.88,0.18,0.44,0.34,0,0,1,1.9,0.1,0.02,0
0.95,7.8,0.02,0.87,1.89,0.18,0.44,0.34,0,0,1,1.91,0.1,0.02,0
0.95,7.87,0.02,0.88,1.89,0.18,0.44,0.34,0,0,1,1.91,0.11,0.02,0
0.96,7.89,0.02,0.88,1.9,0.18,0.45,0.34,0,0,1,1.92,0.11,0.02,0
0.97,7.96,0.02,0.88,1.9,0.18,0.46,0.34,0,0,1,1.94,0.11,0.02,0
0.99,7.98,0.02,0.88,1.91,0.19,0.46,0.34,0,0,2,1.95,0.11,0.02,0
0.99,8.11,0.02,0.88,1.94,0.19,0.46,0.35,0,0,2,1.97,0.11,0.02,0
0.99,8.11,0.02,0.89,1.94,0.19,0.46,0.35,0,0,2,1.97,0.11,0.02,0
0.99,8.12,0.02,0.9,1.96,0.19,0.46,0.35,0,0,2,1.98,0.11,0.02,0
1.1,8.13,0.02,0.91,1.97,0.19,0.46,0.36,0,0,2,2,0.11,0.02,0
1.12,8.16,0.02,0.91,1.98,0.19,0.47,0.36,0,0,2,2.12,0.11,0.02,0
1.12,8.17,0.02,0.91,1.99,0.19,0.47,0.36,0,0,2,2.12,0.11,0.02,0
1.12,8.21,0.02,0.92,1.99,0.19,0.47,0.36,0,0,2,2.12,0.11,0.02,0
1.12,8.22,0.02,0.92,2,0.19,0.48,0.36,0,0,2,2.13,0.11,0.02,0
1.13,8.24,0.02,0.92,2.1,0.19,0.48,0.36,0,0,2,2.13,0.11,0.02,0
1.14,8.36,0.02,0.92,2.11,0.19,0.48,0.36,0,0,2,2.14,0.11,0.02,0
1.14,8.37,0.02,0.93,2.12,0.19,0.49,0.36,0,0,2,2.15,0.11,0.02,0
1.14,8.38,0.02,0.94,2.13,0.19,0.49,0.36,0,0,2,2.16,0.11,0.02,0
1.14,8.4,0.02,0.96,2.13,0.19,0.49,0.36,0,0,2,2.17,0.11,0.02,0
1.15,8.57,0.02,0.96,2.14,0.19,0.5,0.37,0,0,2,2.18,0.11,0.02,0
1.15,8.61,0.02,0.96,2.14,0.19,0.5,0.37,0,0,2,2.18,0.11,0.02,0
1.15,8.62,0.02,0.96,2.15,0.2,0.5,0.37,0,0,2,2.18,0.11,0.02,0
1.16,8.62,0.02,0.96,2.16,0.2,0.5,0.37,0,0,2,2.18,0.11,0.02,0
1.16,8.63,0.02,0.97,2.16,0.2,0.51,0.37,0,0,2,2.19,0.11,0.02,0
1.18,8.68,0.02,0.97,2.16,0.2,0.51,0.37,0,0,2,2.2,0.11,0.02,0
1.19,8.7,0.02,0.98,2.17,0.2,0.51,0.37,0,0,2,2.21,0.11,0.02,0
1.19,8.71,0.02,1,2.19,0.2,0.51,0.38,0,0,2,2.21,0.12,0.02,0
1.19,8.71,0.02,1.1,2.2,0.2,0.52,0.38,0,0,2,2.21,0.12,0.02,0
1.2,8.76,0.02,1.1,2.2,0.2,0.52,0.38,0,0,2,2.22,0.12,0.02,0
1.2,8.81,0.02,1.11,2.2,0.2,0.53,0.38,0,0,2,2.24,0.12,0.02,0
1.21,8.83,0.02,1.11,2.21,0.2,0.53,0.39,0,0,2,2.24,0.12,0.02,0
1.21,8.89,0.02,1.11,2.24,0.2,0.53,0.39,0,0,2,2.26,0.12,0.02,0
1.21,9.1,0.02,1.12,2.25,0.2,0.53,0.4,0,0,2,2.27,0.12,0.02,0
1.22,9.1,0.02,1.13,2.26,0.2,0.53,0.4,0,0,2,2.27,0.12,0.02,0
1.22,9.17,0.02,1.13,2.27,0.2,0.53,0.4,0,0,2,2.28,0.12,0.02,0
1.22,9.19,0.02,1.13,2.28,0.21,0.54,0.4,0,0,2,2.28,0.12,0.02,0
1.22,9.2,0.02,1.14,2.28,0.21,0.54,0.4,0,0,2,2.3,0.12,0.02,0
1.24,9.25,0.02,1.14,2.29,0.21,0.54,0.4,0,0,2,2.3,0.12,0.02,0
1.24,9.31,0.02,1.16,2.29,0.21,0.54,0.4,0,0,2,2.3,0.12,0.02,0
1.25,9.32,0.02,1.16,2.32,0.21,0.54,0.4,0,0,2,2.31,0.12,0.02,0
1.25,9.33,0.02,1.17,2.34,0.21,0.54,0.41,0,0,2,2.35,0.12,0.02,0
1.25,9.34,0.02,1.17,2.34,0.21,0.54,0.41,0,0,2,2.35,0.12,0.02,0
1.27,9.34,0.02,1.17,2.35,0.22,0.55,0.42,0,0,2,2.36,0.12,0.02,0
1.27,9.34,0.02,1.18,2.35,0.22,0.55,0.42,0,0,2,2.37,0.12,0.02,0
1.28,9.43,0.02,1.18,2.37,0.22,0.55,0.42,0,0,2,2.38,0.12,0.02,0
1.32,9.47,0.02,1.18,2.37,0.22,0.55,0.43,0,0,2,2.38,0.12,0.02,0
1.32,9.47,0.02,1.18,2.37,0.22,0.55,0.43,0,0,2,2.38,0.12,0.02,0
1.32,9.49,0.02,1.19,2.38,0.23,0.55,0.43,0,0,2,2.38,0.12,0.02,0
1.34,9.49,0.02,1.19,2.38,0.23,0.56,0.43,0,0,2,2.39,0.12,0.02,0
1.34,9.52,0.02,1.19,2.38,0.23,0.56,0.43,0,0,2,2.39,0.12,0.02,0
1.34,9.54,0.02,1.19,2.38,0.23,0.56,0.43,0,0,2,2.39,0.12,0.02,0
1.35,9.56,0.02,1.19,2.4,0.23,0.57,0.43,0,0,2,2.4,0.12,0.02,0
1.35,9.61,0.02,1.19,2.4,0.23,0.57,0.44,0,0,2,2.41,0.12,0.02,0
1.35,9.62,0.02,1.19,2.4,0.23,0.57,0.44,0,0,2,2.41,0.12,0.02,0
1.36,9.62,0.02,1.21,2.41,0.23,0.57,0.44,0,0,2,2.41,0.12,0.02,0
1.36,9.63,0.02,1.21,2.45,0.23,0.58,0.44,0,0,2,2.41,0.12,0.02,0
1.36,9.66,0.02,1.21,2.45,0.24,0.58,0.44,0,0,2,2.42,0.13,0.02,0
1.36,9.66,0.02,1.21,2.46,0.24,0.58,0.44,0,0,2,2.42,0.13,0.02,0
1.37,9.69,0.02,1.22,2.46,0.24,0.58,0.45,0,0,2,2.44,0.13,0.02,0
1.37,9.72,0.02,1.24,2.47,0.24,0.58,0.45,0,0,2,2.48,0.13,0.02,0
1.37,9.74,0.02,1.24,2.49,0.24,0.59,0.45,0,0,2,2.52,0.13,0.02,0
1.37,9.74,0.02,1.24,2.5,0.24,0.59,0.45,0,0,2,2.53,0.13,0.02,0
1.38,9.74,0.02,1.25,2.5,0.24,0.59,0.45,0,0,2,2.53,0.13,0.02,0
1.38,9.79,0.02,1.25,2.51,0.24,0.6,0.45,0,0,2,2.54,0.13,0.02,0
1.39,9.84,0.02,1.26,2.52,0.24,0.6,0.45,0,0,2,2.54,0.13,0.02,0
1.39,9.87,0.02,1.28,2.52,0.24,0.6,0.45,0,0,2,2.55,0.13,0.02,0
1.4,9.9,0.02,1.28,2.54,0.24,0.61,0.46,0,0,2,2.56,0.13,0.02,0
1.4,9.9,0.02,1.28,2.55,0.25,0.61,0.46,0,0,2,2.57,0.13,0.02,0
1.4,9.91,0.02,1.28,2.55,0.25,0.61,0.46,0,0,2,2.58,0.13,0.02,0
1.4,9.91,0.02,1.29,2.55,0.25,0.62,0.47,0,0,2,2.58,0.13,0.02,0
1.41,9.92,0.02,1.29,2.56,0.25,0.62,0.47,0,0,2,2.59,0.13,0.02,0
1.43,9.92,0.02,1.29,2.56,0.25,0.62,0.47,0,0,2,2.6,0.13,0.02,0
1.44,9.92,0.02,1.31,2.57,0.25,0.62,0.47,0,0,2,2.6,0.13,0.02,0
1.44,9.92,0.02,1.31,2.58,0.25,0.63,0.47,0,0,2,2.6,0.13,0.02,0
1.44,10.06,0.02,1.31,2.59,0.25,0.63,0.47,0,0,2,2.6,0.13,0.02,0
1.45,10.07,0.02,1.31,2.62,0.25,0.63,0.48,0,0,2,2.6,0.13,0.02,0
1.45,10.11,0.02,1.32,2.63,0.25,0.64,0.48,0,0,2,2.61,0.13,0.02,0
1.46,10.11,0.02,1.32,2.67,0.25,0.65,0.48,0,0,2,2.61,0.13,0.02,0
1.46,10.11,0.02,1.33,2.67,0.25,0.65,0.48,0,0,2,2.62,0.13,0.02,0
1.48,10.15,0.02,1.33,2.69,0.25,0.65,0.48,0,0,2,2.63,0.14,0.02,0
1.48,10.16,0.02,1.33,2.69,0.26,0.65,0.48,0,0,2,2.65,0.14,0.02,0
1.49,10.25,0.02,1.34,2.7,0.26,0.65,0.48,0,0,2,2.66,0.14,0.02,0
1.5,10.27,0.02,1.34,2.71,0.26,0.66,0.49,0,0,2,2.67,0.14,0.02,0
1.5,10.29,0.02,1.35,2.73,0.26,0.66,0.49,0,0,2,2.67,0.14,0.02,0
1.51,10.36,0.02,1.35,2.74,0.26,0.66,0.49,0,0,2,2.68,0.14,0.02,0
1.51,10.36,0.02,1.35,2.74,0.26,0.66,0.49,0,0,2,2.69,0.14,0.02,0
1.51,10.37,0.02,1.36,2.77,0.26,0.66,0.49,0,0,2,2.71,0.14,0.02,0
1.51,10.38,0.02,1.36,2.77,0.26,0.66,0.5,0,0,2,2.71,0.14,0.03,0
1.52,10.42,0.02,1.36,2.78,0.26,0.66,0.5,0,0,2,2.73,0.14,0.03,0
1.53,10.45,0.02,1.37,2.78,0.26,0.66,0.5,0,0,2,2.73,0.14,0.03,0
1.54,10.47,0.02,1.37,2.79,0.27,0.66,0.5,0,0,2,2.73,0.15,0.03,0
1.54,10.48,0.02,1.37,2.79,0.27,0.66,0.5,0,0,2,2.73,0.15,0.03,0
1.55,10.55,0.02,1.37,2.8,0.27,0.67,0.5,0,0,2,2.73,0.15,0.03,0
1.55,10.59,0.02,1.37,2.8,0.27,0.67,0.5,0,0,2,2.74,0.15,0.03,0
1.55,10.66,0.02,1.38,2.81,0.27,0.67,0.51,0,0,2,2.74,0.15,0.03,0
1.55,10.66,0.02,1.38,2.83,0.27,0.67,0.51,0,0,3,2.74,0.15,0.03,0
1.56,10.67,0.02,1.39,2.83,0.27,0.67,0.51,0,0,3,2.74,0.15,0.03,0
1.56,10.69,0.02,1.4,2.83,0.27,0.67,0.51,0,0,3,2.75,0.15,0.03,0
1.57,10.69,0.02,1.4,2.84,0.27,0.67,0.51,0,0,3,2.76,0.15,0.03,0
1.61,10.8,0.02,1.4,2.86,0.27,0.67,0.51,0,0,3,2.77,0.15,0.03,0
1.62,10.83,0.02,1.4,2.86,0.28,0.68,0.51,0,0,3,2.77,0.15,0.03,0
1.62,10.88,0.02,1.41,2.87,0.28,0.68,0.52,0,0,3,2.78,0.15,0.03,0
1.63,10.91,0.02,1.42,2.88,0.28,0.68,0.52,0,0,3,2.82,0.15,0.03,0
1.65,11.02,0.02,1.42,2.89,0.28,0.68,0.52,0,0,3,2.82,0.15,0.03,0
1.65,11.06,0.02,1.43,2.89,0.28,0.69,0.52,0,0,3,2.83,0.15,0.03,0
1.65,11.07,0.02,1.43,2.9,0.28,0.69,0.52,0,0,3,2.83,0.15,0.03,0
1.66,11.11,0.02,1.43,2.91,0.28,0.69,0.52,0,0,3,2.84,0.15,0.03,0
1.66,11.11,0.02,1.45,2.92,0.28,0.69,0.52,0,0,3,2.84,0.15,0.03,0
1.67,11.12,0.02,1.46,2.92,0.28,0.69,0.52,0,0,3,2.86,0.15,0.03,0
1.68,11.12,0.02,1.46,2.94,0.28,0.69,0.52,0,0,3,2.86,0.16,0.03,0
1.69,11.13,0.02,1.46,2.94,0.28,0.7,0.52,0,0,3,2.87,0.16,0.03,0
1.69,11.14,0.02,1.46,2.94,0.28,0.7,0.52,0,0,3,2.88,0.16,0.03,0
1.7,11.18,0.02,1.47,2.95,0.29,0.7,0.53,0.01,0,3,2.89,0.16,0.03,0
1.71,11.3,0.02,1.47,2.96,0.29,0.7,0.53,0.01,0,3,2.9,0.16,0.03,0
1.71,11.3,0.02,1.47,2.97,0.29,0.7,0.53,0.01,0,3,2.91,0.16,0.03,0
1.71,11.33,0.02,1.47,2.97,0.29,0.7,0.53,0.01,0,3,2.91,0.16,0.03,0
1.72,11.33,0.02,1.47,2.98,0.29,0.7,0.53,0.01,0,3,2.92,0.16,0.03,0
1.72,11.39,0.02,1.47,2.99,0.29,0.7,0.53,0.02,0,3,2.94,0.16,0.03,0
1.72,11.42,0.02,1.48,2.99,0.29,0.71,0.53,0.02,0,3,2.95,0.16,0.03,0
1.73,11.43,0.02,1.48,3,0.29,0.71,0.53,0.02,0,3,2.95,0.16,0.03,0
1.74,11.45,0.02,1.48,3,0.29,0.71,0.54,0.02,0,3,2.96,0.16,0.03,0
1.74,11.47,0.02,1.5,3.1,0.29,0.71,0.54,0.02,0,3,2.96,0.16,0.03,0
1.75,11.49,0.02,1.51,3.1,0.29,0.71,0.54,0.02,0,3,2.97,0.16,0.03,0
1.75,11.52,0.02,1.51,3.11,0.3,0.72,0.54,0.02,0,3,2.99,0.16,0.03,0
1.75,11.52,0.02,1.52,3.11,0.3,0.72,0.54,0.03,0,3,3,0.16,0.03,0
1.75,11.62,0.02,1.52,3.13,0.3,0.72,0.54,0.03,0,3,3.1,0.16,0.03,0
1.75,11.62,0.02,1.52,3.14,0.3,0.72,0.54,0.03,0,3,3.1,0.16,0.03,0
1.76,11.63,0.02,1.53,3.15,0.3,0.72,0.55,0.03,0,3,3.1,0.16,0.03,0
1.77,11.64,0.02,1.53,3.15,0.3,0.72,0.55,0.03,0,3,3.11,0.16,0.03,0
1.77,11.64,0.02,1.53,3.15,0.3,0.72,0.55,0.03,0,3,3.12,0.16,0.03,0
1.77,11.64,0.02,1.53,3.16,0.3,0.73,0.55,0.04,0.5,3,3.13,0.17,0.03,0
1.79,11.66,0.02,1.54,3.16,0.3,0.73,0.55,0.04,0.5,3,3.14,0.17,0.03,0
1.79,11.79,0.02,1.54,3.17,0.3,0.73,0.55,0.04,0.5,3,3.14,0.17,0.03,0
1.79,11.84,0.02,1.54,3.18,0.3,0.73,0.55,0.05,0.5,3,3.17,0.17,0.03,0
1.81,11.85,0.02,1.56,3.2,0.3,0.73,0.56,0.05,0.5,3,3.18,0.17,0.03,0
1.81,11.86,0.02,1.57,3.21,0.3,0.74,0.56,0.05,0.5,3,3.19,0.17,0.03,0
1.82,11.87,0.02,1.58,3.21,0.3,0.74,0.56,0.05,0.5,3,3.19,0.17,0.03,0
1.82,11.92,0.02,1.59,3.23,0.3,0.75,0.56,0.05,0.5,3,3.21,0.17,0.03,0
1.82,11.98,0.02,1.6,3.23,0.31,0.75,0.57,0.05,0.51,3,3.22,0.17,0.03,0
1.82,11.99,0.02,1.6,3.23,0.31,0.75,0.57,0.05,0.51,3,3.22,0.17,0.03,1
1.83,12.01,0.02,1.6,3.25,0.31,0.75,0.57,0.05,0.51,3,3.22,0.17,0.03,1
1.83,12.03,0.02,1.6,3.26,0.31,0.75,0.57,0.06,0.51,3,3.22,0.17,0.03,1
1.85,12.04,0.02,1.62,3.27,0.31,0.75,0.57,0.06,0.51,3,3.23,0.17,0.03,1
1.86,12.12,0.02,1.63,3.28,0.31,0.75,0.57,0.06,0.51,3,3.24,0.17,0.03,1
1.86,12.18,0.02,1.63,3.29,0.31,0.75,0.57,0.06,0.51,3,3.24,0.17,0.03,1
1.86,12.21,0.02,1.63,3.29,0.32,0.76,0.58,0.06,0.51,3,3.24,0.17,0.03,1
1.87,12.22,0.02,1.63,3.3,0.32,0.76,0.58,0.07,0.51,3,3.28,0.17,0.03,1
1.87,12.24,0.02,1.63,3.31,0.32,0.76,0.58,0.07,0.51,3,3.29,0.17,0.03,1
1.88,12.25,0.02,1.64,3.31,0.32,0.76,0.58,0.07,0.51,3,3.29,0.17,0.03,1
1.88,12.25,0.02,1.64,3.32,0.32,0.76,0.58,0.07,0.52,3,3.29,0.18,0.03,1
1.89,12.26,0.02,1.65,3.33,0.32,0.76,0.58,0.07,0.52,3,3.29,0.18,0.03,1
1.89,12.27,0.02,1.65,3.33,0.32,0.77,0.58,0.07,0.52,3,3.32,0.18,0.03,1
1.9,12.27,0.02,1.65,3.33,0.32,0.77,0.58,0.07,0.52,3,3.34,0.18,0.03,1
1.9,12.28,0.02,1.65,3.33,0.32,0.77,0.58,0.08,0.52,3,3.34,0.18,0.03,1
1.91,12.31,0.02,1.66,3.35,0.32,0.77,0.59,0.08,0.53,3,3.36,0.18,0.03,1
1.91,12.32,0.02,1.67,3.35,0.32,0.77,0.59,0.08,0.53,3,3.36,0.18,0.03,1
1.92,12.35,0.02,1.67,3.35,0.32,0.77,0.59,0.08,0.53,3,3.37,0.18,0.03,1
1.92,12.37,0.02,1.67,3.36,0.32,0.77,0.59,0.08,0.53,3,3.39,0.18,0.03,1
1.92,12.38,0.02,1.68,3.37,0.32,0.77,0.59,0.08,0.53,3,3.39,0.18,0.03,1
1.93,12.4,0.02,1.68,3.37,0.32,0.78,0.59,0.09,0.53,3,3.4,0.18,0.03,1
1.93,12.45,0.02,1.68,3.4,0.32,0.78,0.59,0.09,0.53,3,3.4,0.18,0.03,1
1.94,12.46,0.02,1.69,3.41,0.33,0.78,0.59,0.09,0.54,3,3.4,0.18,0.03,1
1.95,12.46,0.02,1.69,3.41,0.33,0.78,0.59,0.09,0.54,3,3.41,0.18,0.03,1
1.96,12.48,0.02,1.69,3.41,0.33,0.78,0.59,0.09,0.54,3,3.42,0.18,0.03,1
1.97,12.48,0.02,1.71,3.42,0.33,0.79,0.59,0.09,0.54,3,3.43,0.18,0.03,1
1.98,12.48,0.02,1.71,3.42,0.33,0.79,0.6,0.09,0.55,3,3.44,0.18,0.03,1
1.98,12.49,0.02,1.71,3.42,0.33,0.79,0.61,0.09,0.55,3,3.44,0.18,0.03,1
1.99,12.52,0.02,1.71,3.43,0.33,0.79,0.61,0.1,0.55,3,3.46,0.18,0.03,1
1.99,12.55,0.02,1.72,3.44,0.33,0.79,0.61,0.1,0.55,3,3.48,0.18,0.03,1
1.99,12.58,0.02,1.72,3.45,0.33,0.79,0.61,0.1,0.55,3,3.48,0.18,0.03,1
2.1,12.63,0.02,1.74,3.47,0.33,0.79,0.61,0.1,0.55,3,3.49,0.18,0.03,1
2.1,12.65,0.02,1.74,3.47,0.33,0.8,0.61,0.1,0.55,3,3.49,0.18,0.03,1
2.1,12.66,0.02,1.74,3.47,0.33,0.8,0.61,0.1,0.55,3,3.5,0.18,0.03,1
2.1,12.69,0.02,1.74,3.48,0.33,0.8,0.61,0.1,0.55,3,3.51,0.18,0.03,1
2.11,13.07,0.02,1.74,3.48,0.33,0.8,0.61,0.1,0.56,3,3.51,0.18,0.03,1
2.11,13.08,0.02,1.75,3.48,0.33,0.8,0.61,0.1,0.56,3,3.52,0.18,0.03,1
2.12,13.18,0.02,1.75,3.49,0.34,0.81,0.61,0.11,0.56,3,3.52,0.18,0.03,1
2.13,13.2,0.02,1.76,3.49,0.34,0.81,0.61,0.11,0.56,3,3.54,0.19,0.03,1
2.13,13.22,0.02,1.76,3.49,0.34,0.81,0.62,0.11,0.56,3,3.54,0.19,0.03,1
2.14,13.29,0.02,1.77,3.5,0.34,0.81,0.62,0.11,0.56,3,3.54,0.19,0.03,1
2.14,13.29,0.02,1.77,3.51,0.34,0.81,0.62,0.12,0.57,3,3.54,0.19,0.04,1
2.15,13.34,0.02,1.77,3.51,0.34,0.82,0.62,0.12,0.57,3,3.55,0.19,0.04,1
2.16,13.55,0.02,1.78,3.52,0.34,0.82,0.62,0.12,0.57,3,3.55,0.19,0.04,1
2.16,13.55,0.02,1.78,3.53,0.34,0.82,0.62,0.12,0.57,3,3.55,0.19,0.04,1
2.17,13.59,0.02,1.78,3.53,0.34,0.82,0.62,0.12,0.57,3,3.56,0.19,0.04,1
2.17,13.59,0.02,1.79,3.53,0.35,0.83,0.62,0.13,0.57,3,3.57,0.19,0.04,1
2.17,13.67,0.02,1.79,3.54,0.35,0.83,0.62,0.13,0.58,3,3.58,0.19,0.04,1
2.17,13.69,0.03,1.79,3.55,0.35,0.83,0.63,0.13,0.58,4,3.59,0.19,0.04,1
2.18,13.72,0.03,1.79,3.57,0.35,0.83,0.63,0.13,0.58,4,3.6,0.19,0.04,1
2.2,13.74,0.03,1.79,3.58,0.35,0.84,0.63,0.13,0.58,4,3.6,0.19,0.04,1
2.2,13.74,0.03,1.79,3.58,0.35,0.84,0.63,0.13,0.58,4,3.6,0.19,0.04,1
2.2,13.81,0.03,1.8,3.58,0.35,0.84,0.63,0.13,0.58,4,3.61,0.19,0.04,1
2.21,13.81,0.03,1.8,3.61,0.35,0.84,0.63,0.13,0.58,4,3.61,0.19,0.04,1
2.21,13.83,0.03,1.8,3.61,0.35,0.84,0.63,0.13,0.58,4,3.61,0.19,0.04,1
2.22,13.84,0.03,1.8,3.61,0.35,0.85,0.63,0.13,0.58,4,3.62,0.2,0.04,1
2.22,13.84,0.03,1.81,3.62,0.35,0.85,0.63,0.14,0.58,4,3.63,0.2,0.04,1
2.22,13.84,0.03,1.81,3.63,0.36,0.85,0.63,0.14,0.58,4,3.63,0.2,0.04,1
2.23,13.91,0.03,1.81,3.64,0.36,0.85,0.63,0.14,0.59,4,3.64,0.2,0.04,1
2.24,13.96,0.03,1.81,3.65,0.36,0.85,0.63,0.14,0.59,4,3.65,0.2,0.04,1
2.24,14,0.03,1.81,3.65,0.36,0.85,0.63,0.14,0.59,4,3.65,0.2,0.04,1
2.24,14.02,0.03,1.81,3.66,0.36,0.85,0.64,0.14,0.59,4,3.66,0.2,0.04,1
2.24,14.03,0.03,1.81,3.67,0.36,0.86,0.64,0.14,0.59,4,3.69,0.2,0.04,1
2.25,14.03,0.03,1.82,3.67,0.36,0.86,0.64,0.14,0.59,4,3.71,0.2,0.04,1
2.25,14.05,0.03,1.82,3.67,0.36,0.86,0.64,0.15,0.59,4,3.71,0.2,0.04,1
2.25,14.07,0.03,1.82,3.69,0.36,0.86,0.64,0.15,0.59,4,3.71,0.2,0.04,1
2.25,14.1,0.03,1.83,3.7,0.36,0.86,0.64,0.15,0.6,4,3.72,0.2,0.04,1
2.26,14.13,0.03,1.84,3.7,0.36,0.87,0.65,0.15,0.6,4,3.72,0.2,0.04,1
2.26,14.13,0.03,1.84,3.7,0.36,0.87,0.65,0.15,0.6,4,3.73,0.2,0.04,1
2.27,14.14,0.03,1.85,3.71,0.36,0.87,0.65,0.15,0.6,4,3.74,0.2,0.04,1
2.28,14.2,0.03,1.85,3.71,0.36,0.87,0.65,0.15,0.61,4,3.74,0.2,0.04,1
2.29,14.25,0.03,1.85,3.74,0.36,0.87,0.65,0.15,0.61,4,3.75,0.2,0.04,1
2.29,14.3,0.03,1.86,3.74,0.36,0.87,0.65,0.15,0.61,4,3.75,0.2,0.04,1
2.32,14.38,0.03,1.86,3.75,0.37,0.88,0.65,0.15,0.61,4,3.75,0.2,0.04,1
2.32,14.39,0.03,1.86,3.76,0.37,0.88,0.65,0.15,0.61,4,3.76,0.2,0.04,1
2.33,14.4,0.03,1.87,3.78,0.37,0.88,0.65,0.16,0.61,4,3.76,0.2,0.04,1
2.33,14.44,0.03,1.87,3.79,0.37,0.88,0.66,0.16,0.61,4,3.78,0.2,0.04,1
2.33,14.44,0.03,1.87,3.81,0.37,0.89,0.66,0.16,0.61,4,3.8,0.2,0.04,1
2.34,14.45,0.03,1.87,3.82,0.37,0.89,0.66,0.17,0.62,4,3.8,0.2,0.04,1
2.34,14.46,0.03,1.87,3.83,0.37,0.89,0.66,0.17,0.62,4,3.81,0.21,0.04,1
2.35,14.47,0.03,1.88,3.83,0.37,0.89,0.66,0.17,0.62,4,3.81,0.21,0.04,1
2.35,14.48,0.03,1.88,3.84,0.37,0.9,0.66,0.18,0.62,4,3.83,0.21,0.04,1
2.36,14.48,0.03,1.89,3.85,0.37,0.9,0.66,0.18,0.62,4,3.83,0.21,0.04,1
2.36,14.49,0.03,1.9,3.88,0.37,0.9,0.66,0.18,0.62,4,3.83,0.21,0.04,1
2.36,14.51,0.03,1.91,3.9,0.38,0.91,0.66,0.18,0.62,4,3.86,0.21,0.04,1
2.36,14.52,0.03,1.91,3.91,0.38,0.91,0.66,0.18,0.63,4,3.87,0.21,0.04,1
2.37,14.59,0.03,1.91,3.91,0.38,0.91,0.67,0.18,0.63,4,3.9,0.21,0.04,1
2.38,14.6,0.03,1.91,3.93,0.38,0.91,0.67,0.18,0.63,4,3.91,0.21,0.04,1
2.39,14.67,0.03,1.92,3.95,0.38,0.92,0.67,0.18,0.63,4,3.91,0.21,0.04,1
2.4,14.73,0.03,1.92,3.95,0.38,0.92,0.67,0.18,0.63,4,3.92,0.21,0.04,1
2.41,14.78,0.03,1.92,3.96,0.38,0.93,0.68,0.18,0.63,4,3.92,0.21,0.04,1
2.41,14.79,0.03,1.92,3.96,0.38,0.93,0.68,0.19,0.64,4,3.93,0.21,0.04,1
2.42,14.81,0.03,1.92,3.98,0.38,0.93,0.68,0.19,0.64,4,3.93,0.21,0.04,1
2.45,14.84,0.03,1.93,3.99,0.39,0.93,0.68,0.19,0.64,4,3.93,0.21,0.04,1
2.45,14.91,0.03,1.93,4,0.39,0.93,0.68,0.19,0.64,4,3.95,0.21,0.04,1
2.45,14.93,0.03,1.94,4,0.39,0.93,0.68,0.19,0.64,4,3.95,0.21,0.04,1
2.46,14.94,0.03,1.94,4.1,0.39,0.94,0.68,0.19,0.64,4,3.95,0.21,0.04,1
2.46,14.94,0.03,1.95,4.11,0.39,0.94,0.69,0.19,0.64,4,3.95,0.21,0.04,1
2.46,14.96,0.03,1.95,4.13,0.39,0.95,0.69,0.19,0.65,4,3.97,0.21,0.04,1
2.46,15.03,0.03,1.96,4.13,0.39,0.95,0.69,0.19,0.65,4,4,0.21,0.04,1
2.47,15.1,0.03,1.96,4.14,0.4,0.95,0.69,0.2,0.65,4,4.1,0.21,0.04,1
2.47,15.14,0.03,1.96,4.15,0.4,0.95,0.69,0.2,0.65,4,4.12,0.21,0.04,1
2.47,15.16,0.03,1.96,4.16,0.4,0.95,0.69,0.2,0.65,4,4.13,0.21,0.04,1
2.48,15.17,0.03,1.97,4.16,0.4,0.96,0.69,0.2,0.65,4,4.13,0.21,0.04,1
2.48,15.17,0.03,1.98,4.16,0.4,0.96,0.7,0.2,0.65,4,4.14,0.22,0.04,1
2.5,15.18,0.03,1.98,4.18,0.4,0.96,0.7,0.2,0.65,4,4.14,0.22,0.04,1
2.5,15.24,0.03,1.98,4.18,0.4,0.97,0.7,0.2,0.65,4,4.15,0.22,0.04,1
2.5,15.3,0.03,1.99,4.18,0.4,0.97,0.7,0.2,0.66,4,4.15,0.22,0.04,1
2.5,15.34,0.03,1.99,4.18,0.4,0.98,0.7,0.2,0.66,4,4.16,0.22,0.04,1
2.51,15.37,0.03,1.99,4.22,0.4,0.98,0.7,0.2,0.66,4,4.16,0.22,0.04,1
2.52,15.41,0.03,1.99,4.23,0.4,0.98,0.7,0.21,0.66,4,4.17,0.22,0.04,1
2.53,15.42,0.03,1.99,4.24,0.4,0.98,0.71,0.21,0.67,4,4.17,0.22,0.04,1
2.54,15.44,0.03,2,4.24,0.4,0.98,0.71,0.21,0.67,4,4.18,0.22,0.04,1
2.54,15.44,0.03,2,4.24,0.41,0.99,0.71,0.21,0.67,4,4.18,0.22,0.04,1
2.54,15.46,0.03,2,4.25,0.41,0.99,0.71,0.21,0.67,4,4.2,0.22,0.04,1
2.54,15.58,0.03,2,4.25,0.41,0.99,0.71,0.21,0.67,4,4.2,0.22,0.04,1
2.54,15.61,0.03,2,4.26,0.41,0.99,0.72,0.21,0.67,4,4.21,0.22,0.04,1
2.54,15.62,0.03,2,4.26,0.41,0.99,0.72,0.21,0.67,4,4.21,0.22,0.04,1
2.55,15.65,0.03,2.1,4.27,0.41,0.99,0.72,0.22,0.68,4,4.23,0.22,0.04,1
2.55,15.67,0.03,2.1,4.27,0.41,0.99,0.72,0.22,0.68,4,4.23,0.23,0.04,1
2.56,15.72,0.03,2.11,4.3,0.41,1,0.72,0.22,0.68,4,4.23,0.23,0.04,1
2.56,15.75,0.03,2.13,4.3,0.41,1,0.73,0.22,0.68,4,4.23,0.23,0.04,1
2.56,15.76,0.03,2.13,4.33,0.41,1,0.73,0.22,0.68,4,4.25,0.23,0.04,1
2.58,15.8,0.03,2.13,4.34,0.41,1,0.73,0.22,0.68,4,4.25,0.23,0.04,1
2.58,15.84,0.03,2.14,4.34,0.41,1,0.73,0.22,0.69,4,4.25,0.23,0.04,1
2.59,15.94,0.03,2.15,4.35,0.41,1,0.73,0.23,0.69,4,4.26,0.23,0.04,1
2.59,16.01,0.03,2.15,4.36,0.41,1.1,0.73,0.23,0.69,4,4.26,0.23,0.04,1
2.59,16.05,0.03,2.16,4.36,0.41,1.1,0.74,0.23,0.69,4,4.26,0.23,0.04,1
2.59,16.14,0.03,2.16,4.36,0.41,1.11,0.74,0.23,0.69,4,4.27,0.23,0.04,1
2.6,16.16,0.03,2.16,4.37,0.41,1.11,0.74,0.23,0.69,4,4.27,0.23,0.04,1
2.61,16.22,0.03,2.16,4.37,0.42,1.11,0.74,0.23,0.69,4,4.27,0.23,0.04,1
2.61,16.23,0.03,2.17,4.37,0.42,1.11,0.74,0.23,0.69,4,4.28,0.23,0.04,1
2.61,16.26,0.03,2.17,4.37,0.42,1.12,0.74,0.23,0.7,4,4.28,0.23,0.04,1
2.61,16.29,0.03,2.17,4.38,0.42,1.12,0.74,0.24,0.7,4,4.28,0.23,0.04,1
2.62,16.32,0.03,2.17,4.39,0.42,1.13,0.74,0.24,0.7,5,4.29,0.23,0.04,1
2.63,16.35,0.03,2.19,4.4,0.42,1.13,0.74,0.24,0.7,5,4.29,0.23,0.04,1
2.63,16.36,0.03,2.19,4.4,0.42,1.13,0.75,0.24,0.7,5,4.29,0.23,0.04,1
2.63,16.43,0.03,2.19,4.4,0.42,1.13,0.75,0.24,0.7,5,4.3,0.23,0.04,1
2.64,16.45,0.03,2.2,4.4,0.42,1.14,0.75,0.25,0.7,5,4.31,0.24,0.04,1
2.64,16.45,0.03,2.2,4.41,0.42,1.14,0.75,0.25,0.7,5,4.31,0.24,0.04,1
2.65,16.6,0.03,2.2,4.41,0.43,1.14,0.75,0.25,0.7,5,4.32,0.24,0.04,1
2.66,16.61,0.03,2.22,4.42,0.43,1.14,0.75,0.25,0.71,5,4.33,0.24,0.04,1
2.66,16.62,0.03,2.22,4.42,0.43,1.14,0.75,0.25,0.71,5,4.33,0.24,0.04,1
2.66,16.65,0.03,2.22,4.43,0.43,1.14,0.75,0.25,0.71,5,4.33,0.24,0.05,1
2.67,16.66,0.03,2.24,4.43,0.43,1.15,0.76,0.25,0.71,5,4.34,0.24,0.05,1
2.67,16.69,0.03,2.24,4.43,0.43,1.15,0.76,0.25,0.72,5,4.35,0.24,0.05,1
2.67,16.71,0.03,2.24,4.43,0.43,1.15,0.76,0.26,0.72,5,4.35,0.24,0.05,1
2.67,16.76,0.03,2.24,4.47,0.43,1.15,0.76,0.26,0.72,5,4.35,0.24,0.05,1
2.68,16.76,0.03,2.24,4.47,0.43,1.15,0.76,0.26,0.72,5,4.37,0.24,0.05,1
2.68,16.77,0.03,2.24,4.49,0.43,1.15,0.76,0.26,0.72,5,4.38,0.24,0.05,1
2.69,16.78,0.03,2.25,4.49,0.44,1.16,0.76,0.26,0.72,5,4.39,0.24,0.05,1
2.69,16.79,0.03,2.26,4.5,0.44,1.16,0.77,0.26,0.72,5,4.39,0.24,0.05,1
2.69,16.81,0.03,2.26,4.5,0.44,1.16,0.77,0.26,0.73,5,4.39,0.24,0.05,1
2.69,16.82,0.03,2.26,4.51,0.44,1.17,0.77,0.26,0.73,5,4.39,0.24,0.05,1
2.69,16.82,0.03,2.26,4.52,0.44,1.17,0.77,0.27,0.73,5,4.4,0.24,0.05,1
2.69,16.83,0.03,2.27,4.52,0.44,1.17,0.78,0.27,0.73,5,4.4,0.24,0.05,1
2.7,16.88,0.03,2.27,4.54,0.45,1.17,0.78,0.27,0.73,5,4.41,0.24,0.05,1
2.7,16.92,0.03,2.27,4.54,0.45,1.17,0.78,0.27,0.73,5,4.45,0.24,0.05,1
2.71,16.96,0.03,2.27,4.54,0.45,1.17,0.78,0.27,0.74,5,4.45,0.24,0.05,1
2.71,16.98,0.03,2.27,4.54,0.45,1.18,0.78,0.27,0.74,5,4.47,0.24,0.05,1
2.71,17.03,0.03,2.28,4.55,0.45,1.18,0.78,0.27,0.74,5,4.47,0.24,0.05,1
2.72,17.09,0.03,2.28,4.55,0.45,1.18,0.78,0.28,0.74,5,4.47,0.24,0.05,1
2.72,17.13,0.03,2.29,4.56,0.45,1.18,0.78,0.28,0.74,5,4.48,0.25,0.05,1
2.72,17.23,0.03,2.29,4.57,0.45,1.18,0.79,0.28,0.74,5,4.48,0.25,0.05,1
2.72,17.25,0.03,2.29,4.57,0.45,1.18,0.79,0.28,0.74,5,4.49,0.25,0.05,1
2.73,17.28,0.03,2.29,4.57,0.45,1.18,0.79,0.28,0.74,5,4.49,0.25,0.05,1
2.73,17.32,0.03,2.3,4.57,0.45,1.18,0.79,0.28,0.74,5,4.5,0.25,0.05,1
2.74,17.34,0.03,2.3,4.58,0.46,1.19,0.79,0.28,0.74,5,4.51,0.25,0.05,1
2.74,17.35,0.03,2.3,4.59,0.46,1.19,0.79,0.28,0.74,5,4.51,0.25,0.05,1
2.74,17.54,0.03,2.3,4.59,0.46,1.19,0.79,0.28,0.75,5,4.51,0.25,0.05,1
2.75,17.54,0.03,2.3,4.6,0.46,1.2,0.79,0.28,0.75,5,4.51,0.25,0.05,1
2.75,17.55,0.03,2.31,4.62,0.46,1.2,0.79,0.28,0.75,5,4.51,0.25,0.05,1
2.76,17.55,0.03,2.31,4.62,0.46,1.21,0.79,0.29,0.75,5,4.52,0.25,0.05,1
2.76,17.55,0.03,2.33,4.62,0.46,1.21,0.79,0.29,0.75,5,4.53,0.25,0.05,1
2.77,17.58,0.03,2.34,4.63,0.46,1.21,0.8,0.29,0.75,5,4.53,0.25,0.05,1
2.78,17.59,0.03,2.34,4.68,0.46,1.21,0.8,0.29,0.75,5,4.53,0.25,0.05,1
2.78,17.59,0.03,2.34,4.69,0.46,1.21,0.8,0.29,0.75,5,4.54,0.25,0.05,1
2.78,17.63,0.03,2.35,4.7,0.46,1.22,0.8,0.3,0.75,5,4.54,0.26,0.05,1
2.78,17.63,0.03,2.35,4.71,0.46,1.22,0.8,0.3,0.75,5,4.54,0.26,0.05,1
2.79,17.65,0.03,2.35,4.73,0.47,1.22,0.8,0.3,0.75,5,4.55,0.26,0.05,1
2.79,17.66,0.03,2.35,4.73,0.47,1.22,0.8,0.3,0.75,5,4.55,0.26,0.05,1
2.8,17.69,0.03,2.35,4.74,0.47,1.22,0.8,0.3,0.75,5,4.58,0.26,0.05,1
2.82,17.7,0.03,2.35,4.74,0.47,1.22,0.8,0.3,0.75,5,4.58,0.26,0.05,1
2.82,17.82,0.03,2.36,4.75,0.47,1.23,0.81,0.31,0.76,5,4.59,0.26,0.05,1
2.82,17.84,0.03,2.36,4.76,0.47,1.23,0.81,0.31,0.76,5,4.6,0.26,0.05,1
2.83,17.86,0.03,2.36,4.77,0.47,1.23,0.81,0.31,0.76,5,4.61,0.26,0.05,1
2.84,17.88,0.03,2.36,4.77,0.47,1.23,0.81,0.31,0.76,5,4.62,0.26,0.05,1
2.85,17.89,0.03,2.36,4.77,0.47,1.23,0.82,0.31,0.76,5,4.62,0.26,0.05,1
2.85,17.99,0.03,2.36,4.78,0.47,1.23,0.82,0.31,0.76,5,4.62,0.26,0.05,1
2.85,18.02,0.03,2.37,4.78,0.47,1.23,0.82,0.31,0.76,5,4.62,0.26,0.05,1
2.88,18.02,0.03,2.38,4.79,0.47,1.23,0.82,0.31,0.77,5,4.63,0.26,0.05,1
2.89,18.04,0.03,2.38,4.79,0.47,1.23,0.82,0.31,0.77,5,4.64,0.26,0.05,1
2.89,18.06,0.03,2.38,4.79,0.47,1.23,0.82,0.32,0.77,5,4.66,0.26,0.05,1
2.89,18.1,0.03,2.38,4.8,0.47,1.24,0.82,0.32,0.77,5,4.67,0.26,0.05,1
2.9,18.12,0.03,2.39,4.8,0.47,1.24,0.82,0.32,0.77,5,4.67,0.26,0.05,1
2.9,18.15,0.03,2.39,4.81,0.48,1.24,0.82,0.32,0.77,5,4.69,0.27,0.05,1
2.9,18.17,0.03,2.39,4.84,0.48,1.24,0.83,0.32,0.77,5,4.7,0.27,0.05,1
2.91,18.17,0.03,2.39,4.84,0.48,1.25,0.83,0.32,0.77,5,4.71,0.27,0.05,1
2.91,18.22,0.03,2.39,4.85,0.48,1.25,0.83,0.32,0.78,5,4.72,0.27,0.05,1
2.91,18.23,0.03,2.4,4.86,0.48,1.25,0.83,0.33,0.78,5,4.73,0.27,0.05,1
2.91,18.23,0.03,2.4,4.86,0.48,1.26,0.83,0.33,0.78,5,4.73,0.27,0.05,1
2.91,18.41,0.03,2.4,4.86,0.48,1.26,0.83,0.33,0.78,5,4.73,0.27,0.05,1
2.91,18.44,0.03,2.4,4.87,0.48,1.26,0.83,0.33,0.78,5,4.74,0.27,0.05,1
2.92,18.48,0.03,2.42,4.89,0.49,1.26,0.83,0.33,0.78,5,4.74,0.27,0.05,1
2.92,18.49,0.03,2.42,4.9,0.49,1.26,0.84,0.34,0.79,5,4.76,0.27,0.05,1
2.92,18.53,0.03,2.42,4.9,0.49,1.26,0.84,0.34,0.79,5,4.76,0.27,0.05,1
2.93,18.55,0.03,2.43,4.91,0.49,1.26,0.84,0.35,0.79,5,4.77,0.27,0.05,1
2.94,18.61,0.03,2.43,4.93,0.49,1.26,0.84,0.35,0.79,5,4.78,0.27,0.05,1
2.94,18.64,0.03,2.43,4.93,0.49,1.27,0.84,0.35,0.79,5,4.78,0.27,0.05,1
2.94,18.64,0.03,2.43,4.93,0.49,1.27,0.85,0.35,0.79,5,4.78,0.27,0.05,1
2.94,18.64,0.03,2.44,4.94,0.49,1.27,0.85,0.35,0.79,5,4.79,0.27,0.05,1
2.96,18.67,0.03,2.44,4.95,0.49,1.28,0.85,0.36,0.79,5,4.8,0.27,0.05,1
2.96,18.67,0.03,2.44,4.95,0.49,1.28,0.85,0.36,0.79,5,4.8,0.27,0.05,1
2.97,18.71,0.03,2.45,4.95,0.49,1.28,0.85,0.36,0.79,5,4.82,0.27,0.05,1
2.97,18.79,0.03,2.45,4.96,0.49,1.29,0.86,0.36,0.79,5,4.83,0.27,0.05,1
2.97,18.82,0.03,2.45,4.96,0.49,1.29,0.86,0.36,0.79,5,4.84,0.27,0.05,1
2.97,18.82,0.03,2.45,4.97,0.49,1.29,0.86,0.36,0.8,5,4.85,0.27,0.05,1
2.97,18.82,0.03,2.45,4.98,0.49,1.29,0.86,0.36,0.8,5,4.85,0.27,0.05,1
2.98,18.88,0.03,2.46,4.98,0.49,1.29,0.86,0.36,0.8,5,4.86,0.27,0.05,1
2.99,18.91,0.03,2.46,4.99,0.5,1.3,0.86,0.36,0.8,5,4.86,0.28,0.05,1
2.99,18.91,0.03,2.47,5,0.5,1.3,0.87,0.37,0.8,5,4.86,0.28,0.05,1
2.99,18.93,0.03,2.47,5.1,0.5,1.3,0.87,0.37,0.8,5,4.87,0.28,0.05,1
2.99,18.95,0.03,2.47,5.1,0.5,1.3,0.87,0.37,0.81,5,4.87,0.28,0.05,1
3,18.95,0.03,2.47,5.1,0.5,1.31,0.87,0.37,0.82,5,4.88,0.28,0.05,1
3,18.97,0.03,2.48,5.11,0.5,1.31,0.87,0.37,0.82,5,4.88,0.28,0.05,1
3.11,18.99,0.03,2.49,5.12,0.51,1.31,0.87,0.37,0.82,5,4.89,0.28,0.05,1
3.12,19.02,0.03,2.49,5.14,0.51,1.32,0.88,0.37,0.82,6,4.89,0.28,0.05,1
3.12,19.07,0.03,2.5,5.14,0.51,1.32,0.88,0.38,0.82,6,4.9,0.28,0.05,1
3.13,19.07,0.03,2.5,5.17,0.51,1.32,0.88,0.38,0.82,6,4.9,0.28,0.05,1
3.13,19.11,0.03,2.5,5.17,0.51,1.32,0.88,0.38,0.83,6,4.91,0.28,0.05,1
3.13,19.14,0.03,2.5,5.17,0.51,1.32,0.88,0.38,0.83,6,4.91,0.28,0.05,1
3.13,19.17,0.03,2.51,5.18,0.51,1.32,0.88,0.38,0.83,6,4.91,0.28,0.05,1
3.14,19.19,0.03,2.51,5.19,0.51,1.32,0.89,0.39,0.83,6,4.94,0.28,0.05,1
3.15,19.22,0.03,2.51,5.21,0.51,1.32,0.89,0.39,0.83,6,4.94,0.28,0.05,1
3.15,19.25,0.03,2.52,5.21,0.51,1.33,0.89,0.39,0.83,6,4.95,0.28,0.05,1
3.18,19.26,0.03,2.52,5.21,0.51,1.33,0.89,0.39,0.83,6,4.96,0.28,0.05,1
3.18,19.29,0.03,2.52,5.21,0.51,1.33,0.89,0.39,0.84,6,4.96,0.28,0.05,1
3.18,19.31,0.03,2.53,5.22,0.52,1.33,0.89,0.39,0.84,6,4.98,0.28,0.05,1
3.19,19.33,0.03,2.54,5.22,0.52,1.33,0.9,0.39,0.84,6,4.98,0.29,0.05,1
3.2,19.33,0.03,2.54,5.23,0.52,1.33,0.9,0.39,0.84,6,4.99,0.29,0.05,1
3.2,19.37,0.03,2.54,5.23,0.52,1.33,0.9,0.39,0.84,6,4.99,0.29,0.05,1
3.21,19.39,0.03,2.55,5.23,0.52,1.33,0.9,0.4,0.84,6,5.1,0.29,0.05,1
3.24,19.42,0.03,2.55,5.23,0.52,1.33,0.9,0.4,0.84,6,5.11,0.29,0.05,1
3.24,19.45,0.03,2.55,5.23,0.52,1.33,0.9,0.4,0.84,6,5.12,0.29,0.05,1
3.25,19.48,0.03,2.56,5.24,0.52,1.33,0.9,0.4,0.84,6,5.12,0.29,0.05,1
3.25,19.49,0.03,2.56,5.24,0.52,1.34,0.91,0.4,0.85,6,5.13,0.29,0.05,1
3.26,19.57,0.03,2.56,5.24,0.52,1.34,0.91,0.4,0.85,6,5.13,0.29,0.05,1
3.26,19.59,0.04,2.56,5.25,0.52,1.34,0.91,0.41,0.85,6,5.14,0.29,0.05,1
3.27,19.59,0.04,2.57,5.27,0.52,1.34,0.91,0.41,0.85,6,5.15,0.29,0.05,1
3.27,19.6,0.04,2.57,5.28,0.52,1.34,0.91,0.41,0.85,6,5.15,0.29,0.05,1
3.28,19.6,0.04,2.58,5.28,0.52,1.34,0.91,0.41,0.85,6,5.16,0.29,0.05,1
3.29,19.64,0.04,2.59,5.29,0.52,1.34,0.91,0.41,0.86,6,5.17,0.29,0.05,1
3.29,19.72,0.04,2.6,5.29,0.52,1.34,0.91,0.41,0.86,6,5.17,0.29,0.05,1
3.3,19.73,0.04,2.6,5.29,0.53,1.35,0.92,0.42,0.86,6,5.18,0.29,0.05,1
3.31,19.74,0.04,2.61,5.29,0.53,1.35,0.92,0.42,0.86,6,5.19,0.3,0.05,1
3.31,19.79,0.04,2.61,5.3,0.53,1.35,0.92,0.42,0.86,6,5.19,0.3,0.05,1
3.31,19.8,0.04,2.62,5.31,0.53,1.35,0.92,0.42,0.87,6,5.19,0.3,0.05,1
3.32,19.85,0.04,2.63,5.33,0.53,1.35,0.92,0.42,0.87,6,5.21,0.3,0.05,1
3.34,19.87,0.04,2.63,5.33,0.53,1.35,0.92,0.42,0.87,6,5.22,0.3,0.05,1
3.35,19.87,0.04,2.64,5.33,0.53,1.36,0.92,0.42,0.87,6,5.22,0.3,0.06,1
3.35,19.89,0.04,2.64,5.34,0.53,1.36,0.93,0.42,0.87,6,5.22,0.3,0.06,1
3.36,19.9,0.04,2.64,5.35,0.53,1.37,0.93,0.42,0.87,6,5.24,0.3,0.06,1
3.36,19.96,0.04,2.65,5.37,0.54,1.37,0.93,0.42,0.88,6,5.24,0.3,0.06,1
3.36,19.96,0.04,2.65,5.38,0.54,1.37,0.93,0.43,0.89,6,5.26,0.3,0.06,1
3.36,19.98,0.04,2.66,5.38,0.54,1.37,0.93,0.43,0.89,6,5.26,0.3,0.06,1
3.36,20.04,0.04,2.67,5.4,0.54,1.37,0.94,0.43,0.89,6,5.29,0.3,0.06,1
3.37,20.06,0.04,2.67,5.41,0.54,1.38,0.94,0.43,0.89,6,5.31,0.3,0.06,1
3.37,20.11,0.04,2.68,5.42,0.54,1.38,0.94,0.43,0.89,6,5.31,0.3,0.06,1
3.38,20.11,0.04,2.68,5.42,0.54,1.38,0.94,0.43,0.89,6,5.32,0.31,0.06,1
3.38,20.18,0.04,2.68,5.42,0.54,1.38,0.94,0.44,0.89,6,5.33,0.31,0.06,1
3.38,20.19,0.04,2.68,5.42,0.54,1.38,0.95,0.44,0.89,6,5.33,0.31,0.06,1
3.39,20.24,0.04,2.69,5.42,0.54,1.38,0.95,0.44,0.89,6,5.34,0.31,0.06,1
3.41,20.25,0.04,2.69,5.42,0.54,1.38,0.95,0.44,0.89,6,5.34,0.31,0.06,1
3.42,20.28,0.04,2.69,5.43,0.54,1.39,0.95,0.44,0.89,6,5.34,0.31,0.06,1
3.42,20.33,0.04,2.69,5.45,0.54,1.39,0.95,0.44,0.89,6,5.35,0.31,0.06,1
3.42,20.34,0.04,2.69,5.47,0.55,1.39,0.95,0.44,0.9,6,5.37,0.31,0.06,1
3.43,20.35,0.04,2.7,5.47,0.55,1.39,0.95,0.44,0.9,6,5.38,0.31,0.06,1
3.43,20.35,0.04,2.71,5.47,0.55,1.39,0.96,0.44,0.9,6,5.41,0.31,0.06,1
3.44,20.37,0.04,2.72,5.48,0.55,1.4,0.96,0.44,0.91,6,5.41,0.31,0.06,1
3.44,20.38,0.04,2.73,5.54,0.55,1.4,0.96,0.45,0.91,6,5.42,0.31,0.06,1
3.44,20.41,0.04,2.73,5.54,0.55,1.4,0.96,0.45,0.91,6,5.43,0.31,0.06,1
3.44,20.45,0.04,2.73,5.56,0.55,1.4,0.96,0.45,0.91,6,5.45,0.31,0.06,1
3.45,20.46,0.04,2.73,5.57,0.55,1.4,0.96,0.45,0.91,6,5.45,0.31,0.06,1
3.45,20.46,0.04,2.74,5.58,0.55,1.41,0.96,0.45,0.91,6,5.48,0.31,0.06,1
3.46,20.5,0.04,2.74,5.58,0.55,1.41,0.96,0.46,0.91,6,5.49,0.31,0.06,1
3.46,20.58,0.04,2.75,5.59,0.56,1.41,0.96,0.46,0.92,6,5.49,0.31,0.06,1
3.47,20.6,0.04,2.75,5.59,0.56,1.41,0.97,0.46,0.92,6,5.52,0.31,0.06,1
3.47,20.61,0.04,2.75,5.59,0.56,1.42,0.97,0.47,0.92,6,5.52,0.32,0.06,1
3.47,20.63,0.04,2.75,5.6,0.56,1.42,0.97,0.47,0.92,6,5.54,0.32,0.06,1
3.47,20.64,0.04,2.75,5.6,0.56,1.42,0.98,0.48,0.92,6,5.55,0.32,0.06,1
3.48,20.65,0.04,2.76,5.61,0.56,1.43,0.98,0.48,0.92,6,5.56,0.32,0.06,1
3.48,20.69,0.04,2.76,5.61,0.56,1.43,0.98,0.48,0.92,6,5.56,0.32,0.06,1
3.49,20.74,0.04,2.76,5.61,0.56,1.43,0.98,0.48,0.93,6,5.57,0.32,0.06,1
3.49,20.75,0.04,2.76,5.64,0.56,1.43,0.99,0.48,0.93,6,5.57,0.32,0.06,1
3.49,20.77,0.04,2.76,5.65,0.57,1.43,0.99,0.48,0.93,6,5.58,0.32,0.06,1
3.5,20.81,0.04,2.77,5.65,0.57,1.43,0.99,0.48,0.93,6,5.58,0.32,0.06,1
3.5,20.9,0.04,2.78,5.66,0.57,1.43,0.99,0.49,0.93,6,5.59,0.32,0.06,1
3.51,20.94,0.04,2.78,5.66,0.57,1.44,0.99,0.49,0.93,6,5.59,0.32,0.06,1
3.51,21.08,0.04,2.78,5.67,0.57,1.44,0.99,0.49,0.94,6,5.6,0.32,0.06,1
3.51,21.12,0.04,2.78,5.67,0.57,1.44,1,0.49,0.94,6,5.61,0.32,0.06,1
3.51,21.13,0.04,2.79,5.67,0.57,1.44,1,0.49,0.94,6,5.62,0.32,0.06,1
3.52,21.14,0.04,2.79,5.68,0.57,1.44,1,0.49,0.94,6,5.63,0.32,0.06,1
3.52,21.15,0.04,2.79,5.68,0.57,1.44,1,0.49,0.94,6,5.64,0.32,0.06,1
3.52,21.16,0.04,2.8,5.68,0.57,1.44,1,0.5,0.94,6,5.65,0.33,0.06,1
3.52,21.18,0.04,2.8,5.69,0.57,1.45,1,0.5,0.94,6,5.65,0.33,0.06,1
3.53,21.24,0.04,2.8,5.71,0.57,1.45,1.1,0.5,0.95,6,5.65,0.33,0.06,1
3.53,21.29,0.04,2.8,5.71,0.58,1.45,1.1,0.5,0.95,6,5.66,0.33,0.06,1
3.54,21.3,0.04,2.82,5.71,0.58,1.45,1.1,0.5,0.95,6,5.67,0.33,0.06,1
3.54,21.31,0.04,2.83,5.72,0.58,1.45,1.1,0.5,0.95,6,5.69,0.33,0.06,1
3.55,21.4,0.04,2.83,5.73,0.58,1.45,1.1,0.5,0.95,6,5.69,0.33,0.06,1
3.56,21.45,0.04,2.83,5.75,0.58,1.45,1.1,0.5,0.96,6,5.69,0.33,0.06,1
3.56,21.58,0.04,2.83,5.76,0.58,1.45,1.1,0.51,0.96,6,5.7,0.33,0.06,1
3.57,21.58,0.04,2.84,5.79,0.58,1.46,1.11,0.51,0.96,6,5.73,0.33,0.06,1
3.57,21.63,0.04,2.84,5.81,0.58,1.46,1.11,0.51,0.96,6,5.73,0.33,0.06,1
3.57,21.63,0.04,2.85,5.83,0.58,1.46,1.12,0.51,0.96,6,5.73,0.33,0.06,1
3.59,21.68,0.04,2.85,5.83,0.59,1.46,1.12,0.51,0.97,6,5.75,0.33,0.06,1
3.59,21.68,0.04,2.85,5.85,0.59,1.47,1.12,0.51,0.97,6,5.76,0.33,0.06,1
3.59,21.75,0.04,2.85,5.87,0.59,1.47,1.13,0.51,0.97,6,5.76,0.33,0.06,1
3.59,21.76,0.04,2.86,5.87,0.59,1.47,1.13,0.51,0.97,6,5.77,0.33,0.06,1
3.6,21.76,0.04,2.86,5.88,0.59,1.47,1.13,0.51,0.97,6,5.77,0.33,0.06,1
3.6,21.84,0.04,2.86,5.89,0.59,1.47,1.14,0.51,0.98,6,5.77,0.33,0.06,1
3.6,21.9,0.04,2.87,5.89,0.59,1.48,1.14,0.51,0.98,6,5.77,0.33,0.06,1
3.61,21.91,0.04,2.87,5.9,0.59,1.48,1.14,0.52,0.98,6,5.78,0.33,0.06,1
3.62,21.92,0.04,2.88,5.92,0.59,1.48,1.14,0.52,0.98,6,5.78,0.33,0.06,1
3.62,21.96,0.04,2.88,5.92,0.6,1.48,1.14,0.52,0.98,6,5.8,0.33,0.06,1
3.62,21.97,0.04,2.88,5.95,0.6,1.49,1.14,0.52,0.99,6,5.81,0.33,0.06,1
3.62,21.99,0.04,2.89,5.98,0.6,1.49,1.14,0.52,0.99,6,5.81,0.34,0.06,1
3.62,22.04,0.04,2.89,5.98,0.6,1.49,1.14,0.53,0.99,6,5.82,0.34,0.06,1
3.62,22.04,0.04,2.9,5.98,0.6,1.49,1.15,0.53,0.99,6,5.82,0.34,0.06,1
3.63,22.04,0.04,2.9,5.99,0.6,1.49,1.15,0.53,0.99,6,5.83,0.34,0.06,1
3.63,22.07,0.04,2.9,5.99,0.61,1.49,1.15,0.53,0.99,6,5.83,0.34,0.06,1
3.64,22.13,0.04,2.91,5.99,0.61,1.5,1.15,0.53,0.99,6,5.84,0.34,0.06,1
3.65,22.2,0.04,2.91,6,0.61,1.5,1.15,0.53,1,6,5.84,0.34,0.06,1
3.65,22.21,0.04,2.91,6.1,0.61,1.5,1.15,0.53,1,6,5.85,0.34,0.06,1
3.67,22.23,0.04,2.91,6.1,0.61,1.5,1.16,0.54,1,6,5.86,0.34,0.06,1
3.67,22.25,0.04,2.93,6.1,0.61,1.5,1.16,0.54,1,6,5.87,0.34,0.06,1
3.68,22.26,0.04,2.93,6.1,0.61,1.5,1.16,0.54,1,6,5.87,0.34,0.06,1
3.68,22.29,0.04,2.93,6.11,0.61,1.5,1.16,0.54,1,6,5.87,0.34,0.06,1
3.68,22.3,0.04,2.93,6.11,0.61,1.5,1.16,0.55,1,6,5.88,0.34,0.06,1
3.69,22.32,0.04,2.93,6.12,0.61,1.51,1.16,0.55,1,6,5.9,0.34,0.06,1
3.69,22.33,0.04,2.94,6.12,0.61,1.51,1.16,0.55,1,6,5.9,0.34,0.06,1
3.69,22.34,0.04,2.95,6.12,0.61,1.51,1.16,0.55,1,7,5.92,0.34,0.06,1
3.69,22.35,0.04,2.96,6.12,0.62,1.51,1.16,0.55,1,7,5.93,0.34,0.06,1
3.71,22.36,0.04,2.96,6.13,0.62,1.52,1.16,0.55,1,7,5.94,0.34,0.06,1
3.71,22.39,0.04,2.96,6.13,0.62,1.52,1.16,0.55,1,7,5.94,0.35,0.06,1
3.72,22.43,0.04,2.97,6.13,0.62,1.52,1.17,0.55,1,7,5.95,0.35,0.06,1
3.72,22.48,0.04,2.97,6.13,0.62,1.52,1.17,0.55,1,7,5.96,0.35,0.06,1
3.72,22.49,0.04,2.99,6.14,0.62,1.52,1.17,0.56,1,7,5.97,0.35,0.06,1
3.72,22.51,0.04,2.99,6.15,0.62,1.52,1.17,0.56,1,7,5.99,0.35,0.06,1
3.73,22.55,0.04,2.99,6.16,0.62,1.53,1.18,0.56,1,7,6,0.35,0.06,1
3.73,22.56,0.04,3,6.16,0.62,1.53,1.18,0.56,1,7,6,0.35,0.06,1
3.73,22.57,0.04,3,6.17,0.62,1.53,1.18,0.56,1,7,6.11,0.35,0.06,1
3.74,22.68,0.04,3.1,6.19,0.62,1.53,1.18,0.56,1,7,6.11,0.35,0.06,1
3.75,22.69,0.04,3.1,6.2,0.62,1.53,1.18,0.57,1,7,6.12,0.35,0.06,1
3.75,22.74,0.04,3.1,6.2,0.62,1.53,1.18,0.57,1,7,6.13,0.35,0.06,1
3.75,22.79,0.04,3.11,6.21,0.63,1.54,1.19,0.57,1,7,6.14,0.35,0.06,1
3.76,22.8,0.04,3.11,6.21,0.63,1.54,1.19,0.57,1,7,6.14,0.35,0.06,1
3.77,22.83,0.04,3.11,6.22,0.63,1.54,1.19,0.57,1,7,6.14,0.35,0.06,1
3.78,22.84,0.04,3.14,6.23,0.63,1.54,1.19,0.57,1,7,6.15,0.35,0.06,1
3.78,22.84,0.04,3.14,6.24,0.63,1.54,1.19,0.58,1,7,6.15,0.35,0.06,1
3.79,22.87,0.04,3.14,6.24,0.63,1.54,1.19,0.58,1,7,6.16,0.35,0.06,1
3.79,22.91,0.04,3.14,6.24,0.63,1.54,1.19,0.58,1,7,6.17,0.35,0.06,1
3.79,22.96,0.04,3.15,6.25,0.63,1.55,1.19,0.58,1,7,6.19,0.35,0.06,1
3.79,23,0.04,3.15,6.25,0.63,1.55,1.2,0.58,1,7,6.2,0.35,0.06,1
3.81,23.02,0.04,3.15,6.25,0.64,1.56,1.2,0.58,1,7,6.2,0.35,0.06,1
3.81,23.05,0.04,3.16,6.25,0.64,1.56,1.2,0.58,1,7,6.21,0.36,0.06,1
3.81,23.13,0.04,3.16,6.26,0.64,1.56,1.2,0.58,1,7,6.23,0.36,0.06,1
3.81,23.15,0.04,3.17,6.26,0.64,1.56,1.2,0.58,1,7,6.24,0.36,0.06,1
3.82,23.16,0.04,3.18,6.26,0.64,1.56,1.2,0.58,1,7,6.24,0.36,0.06,1
3.82,23.18,0.04,3.18,6.27,0.64,1.56,1.21,0.58,1,7,6.25,0.36,0.06,1
3.83,23.18,0.04,3.19,6.27,0.64,1.56,1.21,0.59,1,7,6.25,0.36,0.06,1
3.83,23.19,0.04,3.2,6.28,0.64,1.56,1.21,0.59,1,7,6.26,0.36,0.06,1
3.83,23.19,0.04,3.2,6.29,0.65,1.57,1.21,0.59,1,7,6.28,0.36,0.06,1
3.83,23.19,0.04,3.2,6.29,0.65,1.57,1.21,0.59,1,7,6.28,0.36,0.06,1
3.84,23.21,0.04,3.2,6.29,0.65,1.57,1.22,0.59,1,7,6.28,0.36,0.07,1
3.85,23.23,0.04,3.2,6.3,0.65,1.57,1.22,0.59,1,7,6.29,0.36,0.07,1
3.85,23.24,0.04,3.21,6.3,0.65,1.57,1.23,0.59,1,7,6.3,0.36,0.07,1
3.85,23.24,0.04,3.21,6.31,0.65,1.57,1.23,0.59,1,7,6.3,0.36,0.07,1
3.85,23.26,0.04,3.22,6.32,0.65,1.57,1.23,0.6,1,7,6.31,0.36,0.07,1
3.86,23.28,0.04,3.22,6.34,0.65,1.57,1.23,0.6,1,7,6.31,0.36,0.07,1
3.87,23.3,0.04,3.23,6.35,0.65,1.58,1.23,0.6,1,7,6.31,0.36,0.07,1
3.88,23.34,0.04,3.25,6.36,0.65,1.58,1.24,0.6,1,7,6.32,0.36,0.07,1
3.88,23.37,0.04,3.25,6.37,0.65,1.58,1.24,0.61,1,7,6.33,0.36,0.07,1
3.88,23.41,0.04,3.25,6.37,0.65,1.58,1.24,0.61,1,7,6.35,0.37,0.07,1
3.89,23.47,0.04,3.26,6.37,0.65,1.58,1.24,0.61,1,7,6.35,0.37,0.07,1
3.9,23.51,0.04,3.27,6.39,0.65,1.58,1.24,0.61,2,7,6.35,0.37,0.07,1
3.91,23.54,0.04,3.27,6.4,0.65,1.59,1.24,0.61,2,7,6.36,0.37,0.07,1
3.92,23.58,0.04,3.28,6.4,0.65,1.59,1.24,0.61,2,7,6.36,0.37,0.07,1
3.92,23.59,0.04,3.28,6.42,0.65,1.59,1.25,0.61,2,7,6.36,0.37,0.07,1
3.93,23.6,0.04,3.28,6.43,0.66,1.59,1.25,0.61,2,7,6.38,0.37,0.07,1
3.93,23.64,0.04,3.28,6.44,0.66,1.59,1.25,0.62,2,7,6.38,0.37,0.07,1
3.93,23.69,0.04,3.29,6.44,0.66,1.6,1.25,0.62,2,7,6.42,0.37,0.07,1
3.93,23.71,0.04,3.29,6.45,0.66,1.6,1.25,0.62,2,7,6.42,0.37,0.07,1
3.94,23.72,0.04,3.3,6.47,0.66,1.6,1.25,0.62,2,7,6.42,0.37,0.07,1
3.94,23.74,0.04,3.3,6.47,0.66,1.6,1.25,0.62,2,7,6.43,0.37,0.07,1
3.95,23.74,0.04,3.31,6.48,0.66,1.61,1.25,0.62,2,7,6.44,0.37,0.07,1
3.95,23.76,0.04,3.32,6.49,0.66,1.61,1.26,0.62,2,7,6.46,0.37,0.07,1
3.96,23.77,0.04,3.32,6.5,0.67,1.62,1.26,0.63,2,7,6.47,0.37,0.07,1
3.97,23.8,0.04,3.33,6.5,0.67,1.62,1.26,0.63,2,7,6.49,0.37,0.07,1
3.97,23.82,0.04,3.33,6.5,0.67,1.62,1.26,0.63,2,7,6.49,0.37,0.07,1
3.97,23.86,0.04,3.33,6.5,0.67,1.62,1.26,0.63,2,7,6.5,0.37,0.07,1
3.98,23.87,0.04,3.33,6.52,0.67,1.63,1.26,0.63,2,7,6.52,0.37,0.07,1
3.99,23.88,0.04,3.34,6.52,0.67,1.63,1.26,0.63,2,7,6.52,0.37,0.07,1
3.99,23.89,0.04,3.34,6.53,0.67,1.63,1.27,0.64,2,7,6.53,0.37,0.07,1
4,23.9,0.04,3.34,6.53,0.68,1.63,1.27,0.64,2,7,6.53,0.37,0.07,1
4,23.92,0.04,3.35,6.53,0.68,1.63,1.27,0.64,2,7,6.53,0.37,0.07,1
4,23.98,0.04,3.35,6.54,0.68,1.63,1.27,0.64,2,7,6.53,0.38,0.07,1
4.1,23.98,0.04,3.35,6.55,0.68,1.64,1.27,0.64,2,7,6.53,0.38,0.07,1
4.1,23.99,0.04,3.35,6.56,0.68,1.64,1.27,0.64,2,7,6.55,0.38,0.07,1
4.11,23.99,0.04,3.36,6.56,0.68,1.64,1.27,0.64,2,7,6.56,0.38,0.07,1
4.11,24,0.04,3.36,6.57,0.68,1.64,1.28,0.65,2,7,6.56,0.38,0.07,1
4.11,24.03,0.04,3.37,6.57,0.68,1.64,1.28,0.65,2,7,6.58,0.38,0.07,1
4.12,24.04,0.04,3.37,6.57,0.68,1.64,1.28,0.65,2,7,6.59,0.38,0.07,1
4.12,24.07,0.04,3.38,6.58,0.68,1.64,1.28,0.65,2,7,6.59,0.38,0.07,1
4.12,24.1,0.04,3.38,6.58,0.68,1.64,1.29,0.65,2,7,6.59,0.38,0.07,1
4.13,24.1,0.04,3.38,6.59,0.68,1.65,1.29,0.65,2,7,6.6,0.38,0.07,1
4.13,24.12,0.04,3.38,6.6,0.69,1.65,1.29,0.65,2,7,6.6,0.38,0.07,1
4.13,24.12,0.04,3.39,6.6,0.69,1.65,1.29,0.65,2,7,6.6,0.38,0.07,1
4.13,24.16,0.04,3.4,6.6,0.69,1.65,1.29,0.65,2,7,6.6,0.38,0.07,1
4.15,24.21,0.04,3.4,6.62,0.69,1.65,1.29,0.66,2,7,6.62,0.38,0.07,1
4.15,24.23,0.04,3.4,6.62,0.69,1.65,1.29,0.66,2,7,6.63,0.38,0.07,1
4.18,24.24,0.04,3.41,6.63,0.69,1.65,1.29,0.66,2,7,6.65,0.38,0.07,1
4.18,24.25,0.04,3.41,6.64,0.69,1.66,1.29,0.66,2,7,6.65,0.38,0.07,1
4.18,24.26,0.04,3.41,6.64,0.69,1.66,1.29,0.67,2,7,6.66,0.38,0.07,1
4.19,24.32,0.04,3.42,6.66,0.69,1.66,1.29,0.67,2,7,6.66,0.39,0.07,1
4.19,24.33,0.04,3.43,6.68,0.69,1.66,1.3,0.67,2,7,6.67,0.39,0.07,1
4.19,24.37,0.04,3.43,6.68,0.7,1.66,1.3,0.67,2,7,6.67,0.39,0.07,1
4.19,24.44,0.04,3.44,6.69,0.7,1.66,1.3,0.67,3,7,6.67,0.39,0.07,1
4.2,24.5,0.04,3.44,6.69,0.7,1.67,1.3,0.67,3,7,6.68,0.39,0.07,1
4.2,24.52,0.04,3.44,6.69,0.7,1.67,1.3,0.67,3,7,6.69,0.39,0.07,1
4.21,24.58,0.04,3.44,6.7,0.7,1.67,1.3,0.68,3,7,6.7,0.39,0.07,1
4.23,24.6,0.04,3.45,6.71,0.7,1.67,1.3,0.68,3,7,6.7,0.39,0.07,1
4.24,24.6,0.04,3.45,6.71,0.7,1.67,1.31,0.68,3,7,6.71,0.39,0.07,1
4.25,24.62,0.04,3.45,6.75,0.7,1.67,1.31,0.68,3,7,6.72,0.39,0.07,1
4.26,24.63,0.04,3.45,6.75,0.7,1.68,1.31,0.68,3,7,6.74,0.39,0.07,1
4.27,24.72,0.04,3.45,6.76,0.7,1.68,1.31,0.68,3,7,6.74,0.39,0.07,1
4.27,24.83,0.04,3.45,6.76,0.7,1.68,1.31,0.69,3,7,6.75,0.39,0.07,1
4.27,24.84,0.04,3.45,6.77,0.7,1.69,1.31,0.69,3,7,6.78,0.39,0.07,1
4.29,24.86,0.04,3.46,6.78,0.71,1.69,1.31,0.69,3,7,6.79,0.39,0.07,1
4.3,24.86,0.04,3.47,6.78,0.71,1.69,1.31,0.69,3,7,6.79,0.39,0.07,1
4.3,24.88,0.04,3.47,6.79,0.71,1.69,1.31,0.69,3,7,6.8,0.39,0.07,1
4.3,24.89,0.04,3.47,6.8,0.71,1.69,1.31,0.69,3,8,6.81,0.4,0.07,1
4.31,24.92,0.04,3.48,6.81,0.71,1.69,1.32,0.69,3,8,6.81,0.4,0.07,1
4.32,24.93,0.04,3.48,6.81,0.71,1.69,1.32,0.69,3,8,6.82,0.4,0.07,1
4.32,24.96,0.04,3.49,6.81,0.71,1.69,1.32,0.7,3,8,6.82,0.4,0.07,1
4.32,24.98,0.04,3.49,6.81,0.71,1.69,1.32,0.7,3,8,6.83,0.4,0.07,1
4.33,25.07,0.04,3.49,6.82,0.71,1.7,1.32,0.7,3,8,6.83,0.4,0.07,1
4.33,25.13,0.04,3.5,6.83,0.71,1.71,1.32,0.7,3,8,6.84,0.4,0.07,1
4.33,25.18,0.04,3.5,6.84,0.71,1.71,1.32,0.7,3,8,6.85,0.4,0.07,1
4.34,25.2,0.04,3.51,6.85,0.71,1.71,1.33,0.7,3,8,6.85,0.4,0.07,1
4.34,25.21,0.04,3.51,6.86,0.72,1.71,1.33,0.7,3,8,6.87,0.4,0.07,1
4.35,25.22,0.04,3.51,6.89,0.72,1.71,1.33,0.7,3,8,6.87,0.4,0.07,1
4.35,25.24,0.04,3.51,6.89,0.72,1.71,1.33,0.7,3,8,6.88,0.4,0.07,1
4.35,25.28,0.04,3.51,6.9,0.72,1.72,1.33,0.71,3,8,6.88,0.4,0.07,1
4.35,25.32,0.04,3.51,6.9,0.72,1.72,1.33,0.71,3,8,6.89,0.4,0.07,1
4.35,25.39,0.04,3.51,6.9,0.72,1.72,1.33,0.71,3,8,6.9,0.4,0.07,1
4.36,25.46,0.04,3.52,6.92,0.72,1.72,1.33,0.71,3,8,6.93,0.4,0.07,1
4.36,25.46,0.04,3.52,6.93,0.72,1.72,1.33,0.72,3,8,6.93,0.4,0.07,1
4.36,25.49,0.04,3.52,6.93,0.72,1.72,1.34,0.72,3,8,6.96,0.4,0.07,1
4.36,25.5,0.04,3.52,6.95,0.72,1.72,1.34,0.72,3,8,6.98,0.4,0.07,1
4.38,25.51,0.04,3.53,6.97,0.72,1.73,1.34,0.72,3,8,6.98,0.4,0.07,1
4.38,25.52,0.04,3.53,6.98,0.72,1.73,1.34,0.72,3,8,6.98,0.41,0.07,1
4.39,25.53,0.05,3.54,6.98,0.73,1.74,1.34,0.72,3,8,7.1,0.41,0.07,1
4.39,25.53,0.05,3.55,6.99,0.73,1.74,1.34,0.72,3,8,7.11,0.41,0.07,1
4.39,25.54,0.05,3.56,6.99,0.73,1.74,1.34,0.73,4,8,7.12,0.41,0.07,1
4.39,25.58,0.05,3.57,7,0.73,1.74,1.34,0.73,4,8,7.12,0.41,0.07,1
4.39,25.59,0.05,3.57,7,0.73,1.74,1.35,0.73,4,8,7.15,0.41,0.07,1
4.4,25.65,0.05,3.58,7.12,0.73,1.74,1.35,0.73,4,8,7.15,0.41,0.07,1
4.4,25.66,0.05,3.58,7.12,0.73,1.75,1.35,0.73,4,8,7.15,0.41,0.07,1
4.41,25.72,0.05,3.58,7.12,0.73,1.75,1.35,0.73,4,8,7.16,0.41,0.07,1
4.41,25.84,0.05,3.58,7.12,0.73,1.75,1.35,0.74,4,8,7.17,0.41,0.07,1
4.41,25.9,0.05,3.58,7.14,0.73,1.75,1.35,0.74,4,8,7.18,0.41,0.07,1
4.42,25.93,0.05,3.58,7.15,0.73,1.76,1.35,0.74,4,8,7.18,0.41,0.07,1
4.44,25.94,0.05,3.59,7.16,0.74,1.76,1.35,0.74,4,8,7.18,0.41,0.07,1
4.44,25.95,0.05,3.59,7.17,0.74,1.76,1.35,0.74,4,8,7.19,0.41,0.07,1
4.44,25.99,0.05,3.59,7.17,0.74,1.76,1.35,0.74,4,8,7.2,0.41,0.07,1
4.44,26,0.05,3.59,7.17,0.74,1.76,1.36,0.74,4,8,7.21,0.41,0.07,1
4.44,26,0.05,3.6,7.17,0.74,1.76,1.36,0.74,4,8,7.21,0.41,0.07,1
4.45,26.04,0.05,3.61,7.18,0.74,1.76,1.36,0.74,4,8,7.22,0.41,0.07,1
4.46,26.12,0.05,3.61,7.18,0.74,1.76,1.36,0.74,4,8,7.23,0.41,0.08,1
4.48,26.13,0.05,3.62,7.18,0.75,1.76,1.36,0.74,4,8,7.23,0.41,0.08,1
4.49,26.15,0.05,3.62,7.21,0.75,1.76,1.36,0.75,4,8,7.23,0.42,0.08,1
4.49,26.15,0.05,3.62,7.21,0.75,1.76,1.37,0.75,4,8,7.24,0.42,0.08,1
4.5,26.19,0.05,3.63,7.22,0.76,1.77,1.37,0.75,4,8,7.24,0.42,0.08,1
4.5,26.19,0.05,3.63,7.22,0.76,1.77,1.37,0.75,4,8,7.25,0.42,0.08,1
4.5,26.21,0.05,3.63,7.22,0.76,1.77,1.37,0.75,4,8,7.27,0.42,0.08,1
4.51,26.21,0.05,3.63,7.23,0.76,1.77,1.37,0.75,4,8,7.28,0.42,0.08,1
4.52,26.22,0.05,3.64,7.24,0.76,1.77,1.38,0.75,4,8,7.28,0.42,0.08,1
4.53,26.23,0.05,3.64,7.24,0.76,1.77,1.38,0.75,4,8,7.29,0.42,0.08,1
4.53,26.26,0.05,3.65,7.24,0.76,1.78,1.38,0.75,4,8,7.3,0.42,0.08,1
4.55,26.3,0.05,3.65,7.24,0.76,1.78,1.38,0.75,4,8,7.31,0.42,0.08,1
4.55,26.4,0.05,3.65,7.24,0.76,1.78,1.38,0.75,4,8,7.31,0.42,0.08,1
4.55,26.41,0.05,3.65,7.25,0.76,1.78,1.38,0.75,5,8,7.32,0.42,0.08,1
4.55,26.42,0.05,3.65,7.3,0.76,1.79,1.39,0.75,5,8,7.35,0.42,0.08,1
4.56,26.45,0.05,3.67,7.31,0.76,1.79,1.39,0.75,5,8,7.35,0.42,0.08,1
4.56,26.55,0.05,3.67,7.33,0.76,1.79,1.39,0.76,5,8,7.35,0.42,0.08,1
4.56,26.64,0.05,3.67,7.34,0.77,1.8,1.39,0.76,5,8,7.36,0.42,0.08,1
4.57,26.64,0.05,3.67,7.34,0.77,1.8,1.39,0.76,5,8,7.36,0.42,0.08,1
4.57,26.65,0.05,3.68,7.35,0.77,1.8,1.39,0.76,5,8,7.37,0.42,0.08,1
4.57,26.67,0.05,3.68,7.36,0.77,1.8,1.39,0.76,5,8,7.38,0.42,0.08,1
4.57,26.73,0.05,3.68,7.37,0.77,1.8,1.39,0.76,5,8,7.4,0.42,0.08,1
4.58,26.77,0.05,3.69,7.37,0.77,1.81,1.39,0.76,5,8,7.4,0.42,0.08,1
4.59,26.79,0.05,3.69,7.38,0.77,1.81,1.39,0.77,5,8,7.42,0.42,0.08,1
4.6,26.81,0.05,3.69,7.4,0.77,1.81,1.39,0.77,5,8,7.42,0.42,0.08,1
4.61,26.82,0.05,3.7,7.41,0.77,1.82,1.4,0.77,5,8,7.42,0.42,0.08,1
4.62,26.85,0.05,3.71,7.42,0.77,1.82,1.4,0.77,5,8,7.43,0.42,0.08,1
4.62,26.85,0.05,3.72,7.43,0.77,1.82,1.4,0.77,5,8,7.43,0.42,0.08,1
4.62,26.86,0.05,3.72,7.43,0.77,1.82,1.4,0.77,5,8,7.46,0.42,0.08,1
4.64,26.94,0.05,3.72,7.43,0.77,1.82,1.4,0.77,5,8,7.46,0.42,0.08,1
4.64,26.94,0.05,3.73,7.44,0.78,1.83,1.4,0.77,5,8,7.47,0.42,0.08,1
4.64,26.96,0.05,3.73,7.47,0.78,1.83,1.4,0.78,5,8,7.47,0.42,0.08,1
4.64,27,0.05,3.74,7.48,0.78,1.83,1.4,0.78,5,8,7.48,0.42,0.08,1
4.65,27.01,0.05,3.74,7.49,0.78,1.83,1.41,0.78,5,8,7.5,0.43,0.08,1
4.66,27.03,0.05,3.74,7.49,0.78,1.83,1.41,0.78,5,8,7.51,0.43,0.08,1
4.66,27.05,0.05,3.74,7.51,0.78,1.83,1.41,0.78,5,8,7.51,0.43,0.08,1
4.67,27.08,0.05,3.74,7.51,0.78,1.84,1.41,0.78,5,8,7.51,0.43,0.08,1
4.68,27.09,0.05,3.74,7.52,0.79,1.84,1.41,0.79,5,8,7.52,0.43,0.08,1
4.69,27.18,0.05,3.75,7.52,0.79,1.84,1.41,0.79,5,8,7.52,0.43,0.08,1
4.69,27.18,0.05,3.75,7.54,0.79,1.84,1.41,0.79,5,8,7.52,0.43,0.08,1
4.69,27.2,0.05,3.75,7.55,0.79,1.85,1.42,0.79,5,8,7.53,0.43,0.08,1
4.7,27.3,0.05,3.75,7.55,0.79,1.85,1.42,0.79,5,8,7.53,0.43,0.08,1
4.7,27.3,0.05,3.76,7.56,0.79,1.85,1.42,0.79,5,8,7.54,0.43,0.08,1
4.71,27.35,0.05,3.77,7.57,0.79,1.85,1.42,0.79,5,8,7.55,0.43,0.08,1
4.71,27.37,0.05,3.78,7.57,0.79,1.85,1.42,0.79,5,8,7.55,0.43,0.08,1
4.72,27.39,0.05,3.79,7.58,0.79,1.86,1.42,0.79,5,8,7.56,0.43,0.08,1
4.73,27.45,0.05,3.79,7.59,0.79,1.86,1.42,0.79,5,8,7.56,0.44,0.08,1
4.73,27.47,0.05,3.79,7.59,0.79,1.86,1.43,0.79,5,8,7.56,0.44,0.08,1
4.74,27.52,0.05,3.8,7.63,0.79,1.86,1.43,0.79,5,8,7.59,0.44,0.08,1
4.75,27.54,0.05,3.81,7.64,0.79,1.86,1.43,0.8,5,8,7.6,0.44,0.08,1
4.75,27.55,0.05,3.81,7.65,0.79,1.87,1.43,0.8,5,8,7.6,0.44,0.08,1
4.76,27.61,0.05,3.81,7.66,0.79,1.87,1.43,0.8,6,8,7.6,0.44,0.08,1
4.76,27.61,0.05,3.82,7.67,0.8,1.88,1.43,0.8,6,8,7.62,0.44,0.08,1
4.76,27.62,0.05,3.83,7.7,0.8,1.88,1.43,0.8,6,8,7.63,0.44,0.08,1
4.76,27.65,0.05,3.83,7.72,0.8,1.88,1.43,0.8,6,8,7.64,0.44,0.08,1
4.77,27.71,0.05,3.84,7.74,0.8,1.88,1.43,0.81,6,8,7.65,0.44,0.08,1
4.77,27.8,0.05,3.84,7.75,0.8,1.89,1.43,0.82,6,8,7.67,0.44,0.08,1
4.78,27.81,0.05,3.84,7.75,0.8,1.89,1.43,0.82,6,8,7.67,0.44,0.08,1
4.79,27.86,0.05,3.85,7.78,0.8,1.89,1.43,0.82,6,8,7.67,0.44,0.08,1
4.79,27.89,0.05,3.85,7.78,0.8,1.89,1.43,0.82,6,8,7.68,0.44,0.08,1
4.79,27.89,0.05,3.86,7.78,0.8,1.89,1.43,0.82,6,8,7.69,0.44,0.08,1
4.8,27.93,0.05,3.87,7.78,0.8,1.89,1.43,0.82,6,8,7.7,0.44,0.08,1
4.8,27.94,0.05,3.87,7.79,0.8,1.89,1.43,0.83,6,8,7.7,0.44,0.08,1
4.81,27.94,0.05,3.88,7.8,0.8,1.89,1.44,0.83,6,8,7.71,0.44,0.08,1
4.81,28.04,0.05,3.88,7.81,0.81,1.89,1.44,0.83,6,8,7.71,0.44,0.08,1
4.82,28.08,0.05,3.89,7.81,0.81,1.9,1.44,0.83,6,8,7.73,0.44,0.08,1
4.83,28.18,0.05,3.89,7.81,0.81,1.9,1.44,0.83,6,8,7.74,0.45,0.08,1
4.84,28.19,0.05,3.89,7.82,0.81,1.9,1.44,0.83,6,8,7.74,0.45,0.08,1
4.84,28.23,0.05,3.89,7.83,0.81,1.91,1.44,0.83,6,8,7.76,0.45,0.08,1
4.85,28.24,0.05,3.89,7.83,0.82,1.91,1.44,0.84,6,8,7.77,0.45,0.08,1
4.86,28.24,0.05,3.9,7.85,0.82,1.92,1.44,0.84,6,9,7.77,0.45,0.08,1
4.87,28.29,0.05,3.91,7.85,0.82,1.92,1.45,0.84,6,9,7.77,0.45,0.08,1
4.87,28.29,1,3.91,7.85,0.82,1.92,1.45,0.84,6,9,7.78,0.45,0.08,1
4.88,28.32,1,3.91,7.86,0.82,1.92,1.45,0.84,6,9,7.78,0.45,0.08,1
4.9,28.35,1,3.92,7.86,0.82,1.92,1.45,0.84,6,9,7.79,0.45,0.08,1
4.91,28.36,1,3.92,7.87,0.82,1.92,1.45,0.84,6,9,7.79,0.45,0.08,1
4.91,28.38,1,3.92,7.87,0.82,1.93,1.45,0.84,6,9,7.79,0.45,0.08,1
4.91,28.4,1,3.92,7.88,0.82,1.93,1.46,0.84,6,9,7.79,0.45,0.08,1
4.93,28.42,1,3.93,7.89,0.82,1.93,1.46,0.85,6,9,7.8,0.45,0.08,1
4.93,28.46,1,3.93,7.89,0.82,1.93,1.46,0.85,6,9,7.8,0.45,0.08,1
4.93,28.5,1,3.93,7.91,0.82,1.93,1.46,0.85,6,9,7.8,0.45,0.08,1
4.93,28.52,1,3.93,7.92,0.82,1.93,1.46,0.85,6,9,7.81,0.45,0.08,1
4.94,28.53,1,3.93,7.93,0.82,1.94,1.46,0.85,6,9,7.81,0.45,0.08,1
4.95,28.55,1,3.94,7.93,0.83,1.94,1.46,0.85,6,9,7.81,0.45,0.08,1
4.96,28.55,1,3.94,7.93,0.83,1.94,1.46,0.86,7,9,7.82,0.45,0.08,1
4.96,28.55,1,3.94,7.95,0.83,1.94,1.47,0.86,7,9,7.85,0.45,0.08,1
4.98,28.57,1,3.95,7.96,0.83,1.94,1.47,0.86,7,9,7.85,0.45,0.08,1
4.98,28.57,1,3.95,7.96,0.83,1.94,1.47,0.86,7,9,7.87,0.46,0.08,1
4.98,28.57,1,3.95,7.97,0.83,1.95,1.47,0.86,7,9,7.87,0.46,0.08,1
5,28.59,1,3.96,7.97,0.83,1.95,1.47,0.87,7,9,7.88,0.46,0.08,1
01.01,28.7,1,3.96,7.97,0.83,1.95,1.48,0.87,7,9,7.88,0.46,0.08,1
01.01,28.71,1,3.96,7.97,0.83,1.95,1.48,0.87,7,9,7.9,0.46,0.08,1
01.01,28.74,1,3.98,7.99,0.83,1.95,1.48,0.87,7,9,7.9,0.46,0.08,1
01.01,28.8,1,3.98,7.99,0.84,1.95,1.48,0.87,7,9,7.9,0.46,0.08,1
01.03,28.81,1,3.98,01.01,0.84,1.95,1.48,0.87,7,9,7.9,0.46,0.08,1
01.05,28.82,1,3.99,01.02,0.84,1.95,1.48,0.88,7,9,7.92,0.46,0.08,1
01.05,28.83,1,3.99,01.02,0.84,1.95,1.48,0.89,7,9,7.92,0.46,0.08,1
01.05,28.84,1,4,01.03,0.84,1.96,1.48,0.89,7,9,7.92,0.46,0.08,1
01.06,28.85,1,01.01,01.03,0.84,1.96,1.49,0.89,7,9,7.93,0.46,0.08,1
01.06,28.85,1,01.01,01.04,0.84,1.96,1.49,0.89,7,9,7.94,0.46,0.08,1
01.07,28.89,1,01.01,01.07,0.84,1.96,1.49,0.89,7,9,7.97,0.46,0.08,1
01.07,28.9,1,01.02,01.07,0.84,1.97,1.49,0.89,7,9,7.99,0.46,0.08,1
01.08,28.92,1,01.02,01.09,0.84,1.97,1.49,0.89,7,9,01.01,0.46,0.08,1
01.08,28.93,1,01.03,01.09,0.84,1.97,1.49,0.89,7,9,01.01,0.47,0.08,1
01.08,28.95,1,01.03,02.01,0.84,1.97,1.49,0.89,7,9,01.02,0.47,0.08,1
01.08,28.98,1,01.03,02.03,0.84,1.97,1.5,0.89,7,9,01.02,0.47,0.08,1
01.08,29.01,1,01.03,02.03,0.85,1.97,1.5,0.89,7,9,01.03,0.47,0.08,1
01.08,29.02,1,01.03,02.03,0.85,1.97,1.5,0.89,7,9,01.03,0.47,0.08,1
01.09,29.04,1,01.03,02.05,0.85,1.97,01.01,0.9,7,9,01.04,0.47,0.08,1
01.09,29.07,1,01.04,02.07,0.85,1.98,01.01,0.9,7,9,01.04,0.47,0.08,1
01.09,29.1,1,01.04,03.01,0.85,1.98,01.01,0.9,7,9,01.05,0.47,0.08,1
02.01,29.14,1,01.04,03.01,0.85,1.98,01.01,0.91,7,9,01.05,0.47,0.08,1
02.01,29.15,1,01.05,03.02,0.85,1.98,01.01,0.91,7,9,01.06,0.47,0.08,1
02.01,29.18,1,01.05,03.02,0.85,1.98,01.01,0.91,7,9,01.06,0.47,0.08,1
02.01,29.19,1,01.05,03.02,0.85,1.98,01.01,0.91,7,9,01.07,0.47,0.08,1
02.01,29.19,1,01.06,03.03,0.85,1.98,01.01,0.91,7,9,01.08,0.47,0.08,1
02.02,29.2,1,01.07,03.03,0.85,1.99,01.02,0.91,7,9,01.08,0.47,0.09,1
02.02,29.2,1,01.07,03.03,0.85,1.99,01.02,0.91,7,9,02.01,0.47,0.09,1
02.02,29.23,1,01.08,03.04,0.86,1.99,01.02,0.92,7,9,02.01,0.47,0.09,1
02.03,29.23,1,01.08,03.04,0.86,1.99,01.02,0.92,8,9,02.06,0.47,0.09,1
02.04,29.24,1,01.09,03.05,0.86,1.99,01.03,0.92,8,9,02.06,0.47,0.09,1
02.04,29.24,1,01.09,03.05,0.86,1.99,01.03,0.92,8,9,02.06,0.47,0.09,1
02.05,29.26,1,01.09,03.07,0.86,2,01.03,0.92,8,9,02.07,0.48,0.09,1
02.06,29.27,1,01.09,03.07,0.86,01.01,01.03,0.92,8,9,02.07,0.48,0.09,1
02.06,29.29,1,02.01,03.07,0.86,01.02,01.03,0.92,8,9,02.08,0.48,0.09,1
02.06,29.31,1,02.01,03.08,0.86,01.02,01.03,0.93,8,9,02.08,0.48,0.09,1
02.06,29.37,1,02.01,03.08,0.86,01.02,01.03,0.93,8,9,02.08,0.48,0.09,1
02.08,29.37,1,02.01,03.09,0.86,01.03,01.04,0.93,8,9,02.08,0.48,0.09,1
02.08,29.42,1,02.01,03.09,0.86,01.03,01.04,0.93,8,9,03.01,0.48,0.09,1
02.08,29.44,1,02.01,04.01,0.86,01.03,01.04,0.93,8,9,03.02,0.48,0.09,1
02.09,29.47,1,02.03,04.01,0.87,01.03,01.04,0.93,8,9,03.03,0.48,0.09,1
02.09,29.5,1,02.03,04.02,0.87,01.03,01.04,0.94,8,9,03.03,0.48,0.09,1
03.01,29.5,1,02.04,04.02,0.87,01.04,01.04,0.94,8,9,03.04,0.48,0.09,1
03.01,29.54,1,02.04,04.02,0.87,01.04,01.04,0.94,8,9,03.04,0.48,0.09,1
03.01,29.64,1,02.06,04.03,0.87,01.04,01.04,0.94,8,9,03.04,0.48,0.09,1
03.01,29.66,1,02.06,04.05,0.87,01.04,01.05,0.94,8,9,03.05,0.48,0.09,1
03.01,29.68,1,02.06,04.05,0.87,01.04,01.05,0.94,8,9,03.07,0.48,0.09,1
03.02,29.72,1,02.07,04.06,0.87,01.04,01.05,0.94,8,9,03.08,0.48,0.09,1
03.02,29.8,1,02.07,04.06,0.87,01.04,01.05,0.95,8,9,03.09,0.48,0.09,1
03.03,29.8,1,02.09,04.06,0.87,01.04,01.05,0.95,8,9,04.01,0.48,0.09,1
03.03,29.82,1,02.09,04.07,0.88,01.05,01.05,0.95,8,9,04.02,0.48,0.09,1
03.04,29.84,1,03.01,04.07,0.88,01.05,01.05,0.95,8,9,04.02,0.49,0.09,1
03.05,01.01,1,03.01,04.07,0.88,01.05,01.06,0.95,8,9,04.03,0.49,0.09,1
03.05,01.05,1,03.01,04.08,0.88,01.05,01.06,0.96,8,9,04.04,0.49,0.09,1
03.05,01.07,1,03.01,04.08,0.88,01.05,01.06,0.96,8,9,04.04,0.49,0.09,1
03.06,02.01,1,03.01,04.08,0.88,01.05,01.06,0.96,8,9,04.05,0.49,0.09,1
03.07,02.03,1,03.01,05.01,0.88,01.05,01.06,0.96,8,9,04.05,0.49,0.09,1
03.07,02.03,1,03.01,05.02,0.88,01.05,01.06,0.96,8,9,04.06,0.49,0.09,1
03.07,02.05,1,03.02,05.04,0.88,01.05,01.06,0.97,8,9,04.06,0.49,0.09,1
03.08,02.05,1,03.02,05.06,0.88,01.05,01.06,0.97,8,9,04.07,0.49,0.09,1
03.08,02.06,1,03.02,05.06,0.88,01.05,01.06,0.97,8,9,04.07,0.49,0.09,1
03.08,02.07,1,03.02,05.07,0.88,01.05,01.07,0.97,8,9,04.08,0.49,0.09,1
03.08,02.07,1,03.03,05.07,0.88,01.06,01.07,0.97,8,9,05.01,0.49,0.09,1
03.09,02.09,1,03.04,05.07,0.88,01.06,01.07,0.98,8,9,05.03,0.49,0.09,1
03.09,03.07,1,03.04,05.09,0.88,01.06,01.07,0.98,8,9,05.03,0.49,0.09,1
03.09,03.08,1,03.04,06.02,0.88,01.06,01.07,0.98,8,9,05.06,0.49,0.09,1
04.03,04.05,1,03.04,06.03,0.89,01.07,01.07,0.98,8,9,06.02,0.49,0.09,1
04.03,04.06,1,03.05,06.04,0.89,01.07,01.08,0.98,8,9,06.05,0.49,0.09,1
04.04,04.07,1,03.06,06.06,0.89,01.07,01.08,0.99,8,9,06.06,0.49,0.09,1
04.04,04.08,1,03.06,06.06,0.89,01.07,01.08,0.99,8,9,06.07,0.49,0.09,1
04.04,05.04,1,03.06,06.06,0.89,01.08,01.08,0.99,8,9,06.08,0.49,0.09,1
04.04,06.05,1,03.06,06.07,0.89,01.08,01.08,0.99,9,9,06.09,0.49,0.09,1
04.05,07.02,1,03.06,06.07,0.89,01.08,01.08,0.99,9,9,07.01,0.49,0.09,1
04.05,07.05,1,03.07,06.09,0.89,01.08,01.08,0.99,9,9,07.02,0.5,0.09,1
04.06,07.08,1,03.08,07.02,0.89,01.08,01.09,0.99,9,9,07.02,0.5,0.09,1
04.07,08.04,1,03.08,07.02,0.89,01.08,01.09,1,9,9,07.03,0.5,0.09,1
04.07,08.07,1,03.08,07.05,0.89,01.09,01.09,1,9,9,07.04,0.5,0.09,1
04.07,08.09,1,03.09,07.06,0.89,01.09,01.09,1,9,9,07.04,0.5,0.09,1
04.07,09.01,1,03.09,07.06,0.89,01.09,01.09,1,9,9,07.05,0.5,0.09,1
04.08,09.02,1,03.09,07.07,0.9,01.09,01.09,1,9,9,07.07,0.5,0.09,1
04.08,09.06,1,03.09,07.08,0.9,01.09,01.09,1,9,9,07.07,0.5,0.09,1
04.08,09.08,1,03.09,07.09,0.9,01.09,01.09,1,9,9,07.08,0.5,0.09,1
4.77,7.18,0.81,1.89,4.92,0.24,0.28,0.82,0.54,0.54,7,3.64,0.37,0.05,0
0.36,0.8,0.19,1.6,3.61,0.14,0.91,0.16,0.89,0.89,3,6.42,0.33,0.08,0
1.42,19.88,0.05,3.33,6.37,0.35,1.69,1.35,0.63,0.63,0.01,4.14,0.12,0.05,0
1.81,29,0.44,3.28,3.61,0.86,1.61,1.39,0.09,5,0,3.6,0.12,0.05,0
2.38,16.13,0.33,1.79,2.15,0.51,0.46,0.74,0.48,1,5,4.31,0.28,0.08,0
4.79,18.72,0.9,2.6,2.72,0.82,0.51,0.92,0.14,6,0.01,7.31,0.42,0.06,0
2.59,16.35,0.51,0.75,6.51,0.63,0.66,0.04,0.82,0.82,0.01,6.58,0.06,0.04,0
4.66,11.42,0.6,3.18,3.5,0.42,0.83,01.09,0.14,5,6,1.68,0.17,0.01,0
1.25,0.59,0.51,2.98,3.42,0.5,1.3,01.06,0.55,0.55,7,06.06,0.48,0.04,0
1.33,27.52,0.92,1.1,8.33,0.03,0.29,0.66,0.54,0.54,0,1.6,0.21,0.05,0
0.05,16.45,0.03,0.23,6.27,0.63,0.66,0.04,0.82,0.82,0.01,6.58,0.06,0.04,0
0.06,11.52,0.01,2.35,3.33,0.42,0.83,01.09,0.14,5,6,1.68,0.17,0.01,0
0.09,0.69,1,02.03,3.29,0.5,1.3,01.06,0.55,0.55,7,06.06,0.48,0.04,0
0.09,27.62,0.04,01.01,7.85,0.03,0.29,0.66,0.54,0.54,0,1.6,0.21,0.05,0
0.16,26.85,1,01.03,7.31,0.25,1.57,1.17,0.62,0.62,2,3.74,0.2,0.02,0
0.26,29.24,0.02,02.01,3.88,0.41,1.5,01.01,0.61,0.61,3,0.45,0.41,0.05,0
0.06,20.94,1,1.34,3.48,0.15,0.54,1.4,0.55,0.55,6,4.2,0.16,0.04,0
0.07,21.97,0.01,3.58,6.2,0.23,0.01,1.38,0.13,8,3,02.08,0.08,0,1
0.11,15.41,0.03,0.34,7.99,0.14,0.8,0.25,0.64,0.64,9,7.43,0.08,0.04,0
0.01,21.92,0.02,0.72,2.12,0,1.47,1.24,0.83,0.83,9,6.65,0.18,0.09,0
0.02,11.52,0.01,0.31,3.51,0.86,1.89,1.38,0.89,0.89,9,05.03,0.49,0.02,0